<!-- edited with XMLSPY v5 rel. 4 U (http://www.xmlspy.com) by Patrick Schmitz (private) -->
<!-- This is a taxonomy facet for color. It is not intended to stand alone, but rather to be included in a facetmap -->
<taxonomy id="Color" title="Color">
	<description>This is a somewhat experimental facet that describes colors
		described for an object. This is based not on an analysis of the image,
		but on the description and notes for an object.
	</description>
	<notes>We continue to experiment with techniques to improve the reliability
		of this, but it seems to be fun even with the current limitations.
	</notes>
	<heading id="White" title="White">
		<synonym value="Whitish"/>
		<synonym value="White-Colored"/>
		<synonym value="White Colored"/>
		<heading id="OffWhite" title="Off White">
			<synonym value="Off-White"/>
			<synonym value="milky-White"/>
			<synonym value="milky White"/>
			<synonym value="Cream Colored"/>
			<synonym value="Cream-Colored"/>
			<synonym value="Buff Colored"/>
			<synonym value="Buff-Colored"/>
			<synonym value="Grey-White"/>
			<synonym value="Gray-White"/>
			<synonym value="Grayish-White"/>
			<synonym value="Greyish-White"/>
			<synonym value="Grey White"/>
			<synonym value="Gray White"/>
			<synonym value="Grayish White"/>
			<synonym value="Greyish White"/>
		</heading>
		<heading id="YellowWhite" title="Yellow White">
			<synonym value="Yellow-White"/>
			<synonym value="Yellowish-White"/>
			<synonym value="Yellowish White"/>
		</heading>
		<heading id="GreenishWhite" title="Greenish White">
			<synonym value="Greenish-White"/>
		</heading>
		<heading id="PinkishWhite" title="Pinkish White">
			<synonym value="Pinkish-White"/>
		</heading>
	</heading>
	<heading id="SilverColored" title="Silver-Colored">
		<synonym value="Silver Colored"/>
	</heading>
	<heading id="Gray" title="Gray">
		<synonym value="Grey"/>
		<synonym value="gray-dyed"/>
		<synonym value="grey-dyed"/>
		<synonym value="gray-stained"/>
		<synonym value="grey-stained"/>
		<synonym value="Grey-Colored"/>
		<synonym value="Grey Colored"/>
		<heading id="WhitishGrey" title="Whitish Grey">
			<synonym value="Whitish-Grey"/>
			<synonym value="Whitish Gray"/>
			<synonym value="Whitish-Gray"/>
		</heading>
		<heading id="RedGrey" title="Red Grey">
			<synonym value="Red Gray"/>
			<synonym value="Red-Grey"/>
			<synonym value="Red-Gray"/>
			<synonym value="Reddish Grey"/>
			<synonym value="Reddish Gray"/>
			<synonym value="Reddish-Grey"/>
			<synonym value="Reddish-Gray"/>
		</heading>
		<heading id="BlueGrey" title="Blue Grey">
			<synonym value="Blue Grey"/>
			<synonym value="Blue Gray"/>
			<synonym value="Blue-Grey"/>
			<synonym value="Blue-Gray"/>
			<synonym value="Bluish Grey"/>
			<synonym value="Bluish Gray"/>
			<synonym value="Bluish-Grey"/>
			<synonym value="Bluish-Gray"/>
		</heading>
		<heading id="GreenGrey" title="Green Grey">
			<synonym value="Green Gray"/>
			<synonym value="Green-Grey"/>
			<synonym value="Green-Gray"/>
			<synonym value="Greenish Grey"/>
			<synonym value="Greenish Gray"/>
			<synonym value="Greenish-Grey"/>
			<synonym value="Greenish-Gray"/>
		</heading>
		<heading id="YellowGrey" title="Yellow Grey">
			<synonym value="Yellow Gray"/>
			<synonym value="Yellow Grey"/>
			<synonym value="Yellow-Gray"/>
			<synonym value="Yellowish Grey"/>
			<synonym value="Yellowish Gray"/>
			<synonym value="Yellowish-Grey"/>
			<synonym value="Yellowish-Gray"/>
		</heading>
		<heading id="PurpleGrey" title="Purple Grey">
			<synonym value="Purple Gray"/>
			<synonym value="Purple-Grey"/>
			<synonym value="Purple-Gray"/>
			<synonym value="Purplish Grey"/>
			<synonym value="Purplish Gray"/>
			<synonym value="Purplish-Grey"/>
			<synonym value="Purplish-Gray"/>
			<synonym value="Violet Grey"/>
			<synonym value="Violet Gray"/>
			<synonym value="Violet-Grey"/>
			<synonym value="Violet-Gray"/>
		</heading>
		<heading id="PinkGrey" title="Pink Grey">
			<synonym value="Pink Gray"/>
			<synonym value="Pink-Grey"/>
			<synonym value="Pink-Gray"/>
			<synonym value="Pinkish Grey"/>
			<synonym value="Pinkish Gray"/>
			<synonym value="Pinkish-Grey"/>
			<synonym value="Pinkish-Gray"/>
		</heading>
	</heading>
	<heading id="Black" title="Black">
		<synonym value="Blackened"/>
		<synonym value="Blackish"/>
		<synonym value="Black Colored"/>
		<synonym value="Black-Colored"/>
		<synonym value="black-dyed"/>
		<synonym value="black-stained"/>
		<excl value="Black Oak"/>
		<heading id="GreyBlack" title="Grey Black">
			<synonym value="Gray Black"/>
			<synonym value="Grey-Black"/>
			<synonym value="Gray-Black"/>
			<synonym value="Greyish Black"/>
			<synonym value="Grayish Black"/>
			<synonym value="Greyish-Black"/>
			<synonym value="Grayish-Black"/>
		</heading>
		<heading id="RedBlack" title="Red Black">
			<synonym value="Reddish-Black"/>
			<synonym value="Reddish Black"/>
			<synonym value="Red-Black"/>
		</heading>
		<heading id="BrownBlack" title="Brown Black">
			<synonym value="Brownish-Black"/>
			<synonym value="Brownish Black"/>
			<synonym value="Brown-Black"/>
		</heading>
		<heading id="GreenBlack" title="Green Black">
			<synonym value="Green-Black"/>
			<synonym value="Greenish-Black"/>
			<synonym value="Greenish Black"/>
		</heading>
		<heading id="BlueBlack" title="Blue Black">
			<synonym value="Blue-Black"/>
			<synonym value="Bluish Black"/>
			<synonym value="Bluish-Black"/>
			<synonym value="Purplish-Black"/>
		</heading>
	</heading>
	<heading id="Pink" title="Pink">
		<synonym value="Pinkish"/>
		<synonym value="pink-dyed"/>
		<synonym value="pink-stained"/>
		<synonym value="Pink-Colored"/>
		<synonym value="Pink Colored"/>
		<synonym value="Flesh-Colored"/>
		<synonym value="Flesh Colored"/>
	</heading>
	<heading id="Red" title="Red">
		<synonym value="Red-Colored"/>
		<synonym value="Red Colored"/>
		<synonym value="red-dyed"/>
		<synonym value="red-stained"/>
		<synonym value="Ruby-Colored"/>
		<synonym value="Ruby Colored"/>
		<synonym value="Rose-Colored"/>
		<synonym value="Rose Colored"/>
		<synonym value="Reddish Colored"/>
		<synonym value="Reddish Color"/>
		<synonym value="Corsal-red"/>
		<synonym value="Cinnabar-red"/>
		<synonym value="Scarlet"/>
		<heading id="OrangeRed" title="Orange Red">
			<synonym value="Orange-Red"/>
		</heading>
		<heading id="BrownishRed" title="Brown Red">
			<synonym value="Brown-Red"/>
			<synonym value="Brownish Red"/>
			<synonym value="Brownish-Red"/>
			<synonym value="Brick-Red"/>
			<synonym value="Brick Red"/>
			<synonym value="Rust-Red"/>
			<synonym value="Rust Red"/>
			<synonym value="Rust-Colored"/>
			<synonym value="Rust Colored"/>
		</heading>
		<heading id="PurpleRed" title="Purple Red">
			<synonym value="Purplish Red"/>
			<synonym value="Purplish-Red"/>
			<synonym value="Purple-Red"/>
			<synonym value="Violet-Red"/>
			<synonym value="Violet Red"/>
		</heading>
	</heading>
	<heading id="Brown" title="Brown">
		<synonym value="Brown-Colored"/>
		<synonym value="Brown Colored"/>
		<synonym value="brown-dyed"/>
		<synonym value="brown-stained"/>
		<heading id="Tan" title="Tan">
			<synonym value="Tan-Brown"/>
			<synonym value="tan-dyed"/>
			<synonym value="tan-stained"/>
			<heading id="RedishTan" title="Redish Tan">
				<synonym value="Reddish Tan"/>
			</heading>
		</heading>
		<heading id="Ochre" title="Ochre">
			<synonym value="ochre-dyed"/>
			<synonym value="ochre-stained"/>
			<heading id="YellowishOchre" title="Yellowish Ochre">
				<synonym value="Yellowish-Ochre"/>
			</heading>
		</heading>
		<heading id="YellowBrown" title="Yellow Brown">
			<synonym value="mustard Brown"/>
			<synonym value="mustard-Brown"/>
			<synonym value="Yellow-Brown"/>
			<synonym value="Yellowish Brown"/>
			<synonym value="Yellowish-Brown"/>
		</heading>
		<heading id="OrangeBrown" title="Orange Brown">
			<synonym value="Orange-Brown"/>
			<synonym value="Orangish Brown"/>
			<synonym value="Orangish-Brown"/>
		</heading>
		<heading id="RedBrown" title="Red Brown">
			<synonym value="Iron-Brown"/>
			<synonym value="Red-Brown"/>
			<synonym value="Redish Brown"/>
			<synonym value="Redish-Brown"/>
			<synonym value="Reddish Brown"/>
			<synonym value="Reddish-Brown"/>
		</heading>
		<heading id="PurpleBrown" title="Purple Brown">
			<synonym value="Purple-Brown"/>
			<synonym value="Purplish-Brown"/>
			<synonym value="Purplish Brown"/>
		</heading>
		<heading id="GreenBrown" title="Green Brown">
			<synonym value="Green-Brown"/>
			<synonym value="Greenish Brown"/>
			<synonym value="Greenish-Brown"/>
		</heading>
		<heading id="BlueBrown" title="Blue Brown">
			<synonym value="Blue-Brown"/>
			<synonym value="Blueish Brown"/>
			<synonym value="Blueish-Brown"/>
		</heading>
		<heading id="GreyBrown" title="Grey Brown">
			<synonym value="Gray Brown"/>
			<synonym value="Gray-Brown"/>
			<synonym value="Grey-Brown"/>
			<synonym value="Greyish Brown"/>
			<synonym value="Grayish Brown"/>
			<synonym value="Grayish-Brown"/>
			<synonym value="Greyish-Brown"/>
		</heading>
		<heading id="BlackishBrown" title="Blackish Brown">
			<synonym value="Blackish-Brown"/>
		</heading>
	</heading>
	<heading id="Orange" title="Orange">
		<synonym value="Orangish"/>
		<synonym value="Bronze Colored"/>
		<synonym value="Orange-Colored"/>
		<synonym value="Orange Colored"/>
		<synonym value="orange-dyed"/>
		<synonym value="orange-stained"/>
		<heading id="RedOrange" title="Red Orange">
			<synonym value="Red-Orange"/>
			<synonym value="Pink-Orange"/>
			<synonym value="Pinkish-Orange"/>
		</heading>
		<heading id="YellowOrange" title="Yellow Orange">
			<synonym value="Yellow-Orange"/>
			<synonym value="Yellowish Orange"/>
			<synonym value="Yellowish-Orange"/>
		</heading>
		<heading id="BrownOrange" title="Brown Orange">
			<synonym value="Tan-Orange"/>
			<synonym value="Brown-Orange"/>
			<synonym value="Brownish Orange"/>
			<synonym value="Brownish-Orange"/>
		</heading>
	</heading>
	<heading id="Yellow" title="Yellow">
		<synonym value="Brown-Yellow"/>
		<synonym value="Tan Yellow"/>
		<synonym value="Tan-Yellow"/>
		<synonym value="Yellow-Colored"/>
		<synonym value="Yellow Colored"/>
		<synonym value="yellow-dyed"/>
		<synonym value="yellow-stained"/>
		<heading id="WhitishYellow" title="Whitish-Yellow">
			<synonym value="WhitishYellow"/>
			<synonym value="Whitish Yellow"/>
			<synonym value="Straw Colored"/>
			<synonym value="Straw-Colored"/>
		</heading>
		<heading id="AmberColored" title="Amber Colored">
			<synonym value="amber-Colored"/>
			<synonym value="amber-dyed"/>
			<synonym value="amber-stained"/>
			<synonym value="Honey Colored"/>
			<synonym value="Honey-Colored"/>
			<synonym value="honey-dyed"/>
			<synonym value="honey-stained"/>
		</heading>
		<heading id="GoldColored" title="Gold-Colored">
			<synonym value="gold colored"/>
			<synonym value="golden"/>
		</heading>
		<heading id="BrownishYellow" title="Brownish-Yellow">
			<synonym value="Brownish Yellow"/>
		</heading>
	</heading>
	<heading id="Green" title="Green">
		<synonym value="Greenish Colored"/>
		<synonym value="Greenish Color"/>
		<synonym value="Green Color"/>
		<synonym value="Green Colored"/>
		<synonym value="Green-Colored"/>
		<synonym value="green-dyed"/>
		<synonym value="green-stained"/>
		<!-- Use minor variants as synonyms -->
		<synonym value="Black-Green"/>
		<synonym value="Brown-Green"/>
		<heading id="BlueGreen" title="Blue Green">
			<synonym value="Bluish-Green"/>
			<synonym value="Bluish Green"/>
			<synonym value="Blue-Green"/>
		</heading>
		<heading id="TurquoiseGreen" title="Turquoise Green">
			<synonym value="Turquoise-Green"/>
			<synonym value="Turquoise-Colored"/>
			<synonym value="Turquoise Colored"/>
			<synonym value="turquoise-dyed"/>
			<synonym value="turquoise-stained"/>
		</heading>
		<heading id="LightGreen" title="Light Green">
			<synonym value="Light-Green"/>
		</heading>
		<heading id="YellowGreen" title="Yellow Green">
			<synonym value="Yellow-Green"/>
			<synonym value="Yellowish-Green"/>
			<synonym value="Yellowish Green"/>
		</heading>
		<heading id="JadeGreen" title="Jade Green">
			<synonym value="Jade-Green"/>
			<synonym value="Jade-Colored"/>
			<synonym value="Jade Colored"/>
		</heading>
		<heading id="OliveGreen" title="Olive Green">
			<synonym value="Olive-Green"/>
		</heading>
		<heading id="GreyGreen" title="Grey Green">
			<synonym value="Gray Green"/>
			<synonym value="Gray-Green"/>
			<synonym value="Grey-Green"/>
			<synonym value="Greyish Green"/>
			<synonym value="Grayish Green"/>
			<synonym value="Grayish-Green"/>
			<synonym value="Greyish-Green"/>
		</heading>
	</heading>
	<heading id="Blue" title="Blue">
		<synonym value="Bluish"/>
		<synonym value="indigo"/>
		<synonym value="Blue-Colored"/>
		<synonym value="Blue Colored"/>
		<synonym value="aqua-Colored"/>
		<synonym value="aqua Colored"/>
		<synonym value="blue-dyed"/>
		<synonym value="blue-stained"/>
		<synonym value="indigo-dyed"/>
		<synonym value="indigo-stained"/>
		<excl value="Bluish Green"/>
		<excl value="Bluish Black"/>
		<heading id="GreenishBlue" title="Greenish Blue">
			<synonym value="Greenish-Blue"/>
			<synonym value="Green-Blue"/>
		</heading>
		<heading id="GreyBlue" title="Grey Blue">
			<synonym value="Gray Blue"/>
			<synonym value="Gray-Blue"/>
			<synonym value="Grey-Blue"/>
			<synonym value="Greyish Blue"/>
			<synonym value="Grayish Blue"/>
			<synonym value="Grayish-Blue"/>
			<synonym value="Greyish-Blue"/>
		</heading>
	</heading>
	<heading id="Purple" title="Purple">
		<synonym value="Purplish"/>
		<synonym value="Violet"/>
		<synonym value="Purple-Colored"/>
		<synonym value="Purple Colored"/>
		<synonym value="purple-dyed"/>
		<synonym value="purple-stained"/>
		<synonym value="Violet-Colored"/>
		<synonym value="Violet Colored"/>
		<synonym value="violet-dyed"/>
		<synonym value="violet-stained"/>
		<heading id="PinkPurple" title="Pink Purple">
			<synonym value="Pink-Purple"/>
			<synonym value="Pinkish-Purple"/>
			<synonym value="Pinkish Purple"/>
		</heading>
		<heading id="Magenta" title="Magenta">
			<synonym value="magenta colored"/>
			<synonym value="magenta-colored"/>
			<synonym value="magenta-dyed"/>
			<synonym value="magenta-stained"/>
		</heading>
		<heading id="RedPurple" title="Red Purple">
			<synonym value="Red-Purple"/>
			<synonym value="Redish-Purple"/>
			<synonym value="Reddish-Purple"/>
			<synonym value="Reddish Purple"/>
		</heading>
		<heading id="BrownPurple" title="Brown Purple">
			<synonym value="Tan-Purple"/>
			<synonym value="Brown-Purple"/>
			<synonym value="Brownish-Purple"/>
			<synonym value="Brownish Purple"/>
		</heading>
		<heading id="GreyPurple" title="Grey Purple">
			<synonym value="Grey-Purple"/>
			<synonym value="Greyish-Purple"/>
			<synonym value="Greyish Purple"/>
			<synonym value="Gray Purple"/>
			<synonym value="Gray-Purple"/>
			<synonym value="Grayish-Purple"/>
			<synonym value="Grayish Purple"/>
			<synonym value="Grey Violet"/>
			<synonym value="Grey-Violet"/>
			<synonym value="Greyish-Violet"/>
			<synonym value="Greyish Violet"/>
			<synonym value="Gray Violet"/>
			<synonym value="Gray-Violet"/>
			<synonym value="Grayish-Violet"/>
			<synonym value="Grayish Violet"/>
		</heading>
	</heading>
	<heading id="Multicolored" title="Multicolored">
		<synonym value="multi-color"/>
		<synonym value="multi color"/>
		<synonym value="multi-colors"/>
		<synonym value="multi colors"/>
		<synonym value="multi-colored"/>
		<synonym value="multi colored"/>
		<synonym value="different colors"/>
		<synonym value="different colored"/>
		<synonym value="vari-colored"/>
		<synonym value="varicolored"/>
		<synonym value="polychrome"/>
		<synonym value="polychromatic"/>
		<synonym value="spectrum"/>
		<synonym value="many-colored"/>
		<synonym value="many colored"/>
		<synonym value="many colors"/>
	</heading>
	<heading id="Translucent" title="Translucent">
		<synonym value="transparent"/>
	</heading>
</taxonomy>
