<taxonomy id="CulturalGroup" title="Cultural Group">
	<description>This facet describes the culture(s) associated with an object
		(<em><strong>who</strong></em> created or used it, or is depicted). The organization combines general
		geographic range with cultural groupings.
	</description>
	<notes>While cultures tend to be associated with location, the range of a
		culture does not neatly match political boundaries.
	</notes>
	<heading id="Africancultures" title="African cultures">
		<heading id="Ibibio" title="Ibibio"/>
		<heading id="Ngere" title="Ngere"/>
		<heading id="Igala" title="Igala"/>
		<heading id="Kran" title="Kran"/>
		<heading id="Yaunde" title="Yaunde"/>
		<heading id="BenaLulua" title="Bena Lulua"/>
		<heading id="BaSongye" title="Ba Songye"/>
		<heading id="Songo" title="Songo"/>
		<heading id="BaVili" title="Ba Vili"/>
		<heading id="Mfinu" title="Mfinu"/>
		<heading id="Urhobo" title="Urhobo"/>
		<heading id="Lobi" title="Lobi">
			<synonym value="Labi"/>
		</heading>
		<heading id="Tsogo" title="Tsogo">
			<synonym value="Shogo"/>
		</heading>
		<heading id="AmaMpondo" title="Ama-Mpondo">
			<synonym value="Pondo"/>
		</heading>
		<heading id="AMbete" title="A-Mbete"/>
		<heading id="Anyi" title="Anyi">
			<synonym value="Agni"/>
		</heading>
		<heading id="Atye" title="Atye">
			<synonym value="Akye"/>
			<synonym value="Attie"/>
		</heading>
		<heading id="AZande" title="A-Zande"/>
		<heading id="Fon" title="Fon"/>
		<heading id="Mende" title="Mende"/>
		<heading id="Congo" title="Congo">
			<heading id="Kwangocluster" title="Kwango cluster">
				<heading id="BaPende" title="Ba Pende">
					<synonym value="Bapende"/>
					<synonym value="Ba-Pende"/>
				</heading>
				<heading id="BaYaka" title="Ba Yaka">
					<synonym value="Bayaka"/>
				</heading>
			</heading>
		</heading>
		<heading id="Ambo" title="Ambo"/>
		<heading id="WesternAfrica" title="Western Africa">
			<heading id="Yoruba" title="Yoruba"/>
			<heading id="BaBembe" title="Ba Bembe"/>
			<heading id="BaBinji" title="Ba Binji"/>
			<heading id="Benin" title="Benin"/>
			<heading id="Ibo" title="Ibo"/>
			<heading id="BaLega" title="Ba Lega"/>
			<heading id="BaLuba" title="Ba Luba"/>
			<heading id="BaKuba" title="Ba Kuba">
				<synonym value="Bushongo"/>
				<synonym value="Bakuba"/>
			</heading>
			<heading id="Ashanti" title="Ashanti">
				<synonym value="Asante"/>
			</heading>
			<heading id="Bambara" title="Bambara"/>
			<heading id="Baule" title="Baule"/>
			<heading id="Dan" title="Dan">
				<synonym value="Yacuba"/>
			</heading>
			<heading id="Bobo" title="Bobo"/>
			<heading id="Minianka" title="Minianka"/>
			<heading id="Bamana" title="Bamana"/>
			<heading id="Dogon" title="Dogon"/>
			<heading id="Mossi" title="Mossi"/>
			<heading id="Igbo" title="Igbo">
				<synonym value="Ibo"/>
			</heading>
			<heading id="We" title="We">
				<synonym value="Wee"/>
			</heading>
			<heading id="Yaure" title="Yaure"/>
			<heading id="Malinke" title="Malinke"/>
			<heading id="Bete" title="Bete"/>
			<heading id="Guro" title="Guro">
				<synonym value="Kweni"/>
			</heading>
			<heading id="Senufo" title="Senufo"/>
		</heading>
		<heading id="EasternAfrica" title="Eastern Africa">
			<heading id="Maasai" title="Maasai"/>
			<heading id="Afar" title="Afar"/>
			<heading id="Asmara" title="Asmara"/>
			<heading id="Kikuyu" title="Kikuyu"/>
		</heading>
		<heading id="SouthernAfrica" title="Southern Africa">
			<heading id="Zulu" title="Zulu"/>
		</heading>
		<heading id="CentralAfrica" title="Central Africa">
			<heading id="Sonye" title="Sonye"/>
			<heading id="Luba" title="Luba"/>
		</heading>
		<heading id="Bantupeoples" title="Bantu peoples">
			<heading id="Chokwe" title="Chokwe"/>
		</heading>
	</heading>
	<heading id="Asiancultures" title="Asian cultures">
		<heading id="Chinese" title="Chinese"/>
		<heading id="Kota" title="Kota"/>
		<heading id="Tungus" title="Tungus"/>
		<heading id="IndianCultures" title="Indian Cultures">
			<heading id="Mewar" title="Mewar"/>
		</heading>
	</heading>
	<heading id="Europeancultures" title="European cultures">
		<heading id="European" title="European"/>
		<heading id="Czechoslovakian" title="Czechoslovakian"/>
		<heading id="English" title="English"/>
		<heading id="Russian" title="Russian"/>
	</heading>
	<heading id="Oceaniancultures" title="Oceanian cultures">
		<heading id="Micronesian" title="Micronesian"/>
		<heading id="Melanesian" title="Melanesian"/>
		<heading id="Australiancultures" title="Australian cultures">
			<heading id="Australianaborigines" title="Australian aborigines"/>
		</heading>
		<heading id="PolynesianCultures" title="Polynesian Cultures">
			<heading id="Hawaiian" title="Hawaiian"/>
			<heading id="Polynesian" title="Polynesian"/>
		</heading>
	</heading>
	<heading id="Unmatchedculture" title="Unmatched culture">
		<heading id="" title="?"/>
	</heading>
	<heading id="Americancultures" title="American cultures">
		<heading id="SouthAmericanIndianCultures" title="South American Indian Cultures">
			<heading id="Arguorna" title="Arguorna"/>
			<heading id="Xingu" title="Xingu"/>
			<heading id="Goajiraindians" title="Goajira indians">
				<heading id="GoajiraPeninsula" title="Goajira Peninsula"/>
				<heading id="LagunadelPajaro" title="Laguna del Pajaro"/>
			</heading>
			<heading id="Matiloursindians" title="Matilours indians">
				<heading id="YosadivisionofMatiloursindians" title="Yosa division of Matilours indians"/>
			</heading>
			<heading id="Macoitaindians" title="Macoita indians"/>
			<heading id="Paraguay" title="Paraguay">
				<heading id="Ach" title="Ach"/>
				<heading id="Angaite" title="Angaite"/>
				<heading id="Ayoreo" title="Ayoreo"/>
				<heading id="Chamacoco" title="Chamacoco"/>
				<heading id="Chiripa" title="Chiripa"/>
				<heading id="Enxet" title="Enxet"/>
				<heading id="Guana" title="Guana"/>
				<heading id="Maca" title="Maca"/>
				<heading id="Mangui" title="Mangui"/>
				<heading id="Mbya" title="Mbya"/>
				<heading id="Nivacle" title="Nivacle"/>
				<heading id="PaiTavytera" title="Pai Tavytera"/>
				<heading id="Sanapana" title="Sanapana"/>
				<heading id="Totobiegosode" title="Totobiegosode"/>
			</heading>
		</heading>
		<heading id="NorthAmericanIndianCultures" title="North American Indian Cultures">
			<heading id="SubArctictribes" title="Sub-Arctic tribes">
				<heading id="Chugach" title="Chugach">
					<synonym value="Chugachigmiut"/>
				</heading>
				<heading id="Atka" title="Atka"/>
				<heading id="Chilcotin" title="Chilcotin"/>
				<heading id="Cree" title="Cree"/>
				<heading id="Teslin" title="Teslin"/>
				<heading id="Tutchone" title="Tutchone"/>
				<heading id="Han" title="Han"/>
				<heading id="Kutchin" title="Kutchin"/>
				<heading id="Tanana" title="Tanana"/>
				<heading id="Ahtna" title="Ahtna"/>
				<heading id="Tanaina" title="Tanaina"/>
				<heading id="Ingalik" title="Ingalik"/>
				<heading id="Montagnais" title="Montagnais"/>
				<heading id="Tagish" title="Tagish"/>
				<heading id="Tahltan" title="Tahltan"/>
				<heading id="Athabaskan" title="Athabaskan">
					<heading id="AlaskanAthapaskantribes" title="Alaskan Athapaskan tribes">
						<synonym value="Alaskan Athabascan"/>
					</heading>
					<heading id="NorthernAthapaskantribes" title="Northern Athapaskan tribes">
						<synonym value="Northern Athabascan"/>
						<heading id="Ahtna" title="Ahtna"/>
						<heading id="Carrier" title="Carrier"/>
						<heading id="Eyak" title="Eyak"/>
						<heading id="Han" title="Han"/>
						<heading id="Ingalik" title="Ingalik"/>
						<heading id="Koyukon" title="Koyukon"/>
						<heading id="Tanaina" title="Tanaina"/>
						<heading id="Tanana" title="Tanana"/>
						<heading id="Kutchin" title="Kutchin"/>
					</heading>
				</heading>
			</heading>
			<heading id="Plainstribes" title="Plains tribes">
				<heading id="Comanche" title="Comanche"/>
				<heading id="Arikara" title="Arikara"/>
				<heading id="Assiniboin" title="Assiniboin"/>
				<heading id="Blood" title="Blood"/>
				<heading id="Cheyenne" title="Cheyenne"/>
				<heading id="Arapaho" title="Arapaho"/>
				<heading id="Atakapa" title="Atakapa">
					<synonym value="Attacapa"/>
				</heading>
				<heading id="Kiowa" title="Kiowa"/>
				<heading id="Crow" title="Crow">
					<heading id="Crowprobably" title="Crow (probably)"/>
				</heading>
				<heading id="NorthernPlainstribes" title="Northern Plains tribes"/>
				<heading id="Sioux" title="Sioux">
					<heading id="Oglala" title="Oglala">
						<synonym value="Oglala Sioux"/>
					</heading>
					<heading id="Hunkpapa" title="Hunkpapa"/>
					<heading id="Dakota" title="Dakota">
						<synonym value="Sioux"/>
					</heading>
					<heading id="Brule" title="Brule"/>
					<heading id="Yanktonnai" title="Yanktonnai">
						<synonym value="Yanktonai Dakota"/>
					</heading>
					<heading id="Sisseton" title="Sisseton"/>
					<heading id="Wahpeton" title="Wahpeton"/>
					<heading id="TetonDakota" title="Teton Dakota"/>
					<heading id="SanteeDakota" title="Santee Dakota"/>
					<heading id="SiouxfromPineRidgeReservationSouthDakota" title="Sioux from Pine Ridge Reservation, South Dakota"/>
				</heading>
				<heading id="Omaha" title="Omaha"/>
				<heading id="Osage" title="Osage"/>
				<heading id="Oto" title="Oto"/>
				<heading id="Piegan" title="Piegan"/>
				<heading id="PlainsandPrairietribes" title="Plains and Prairie tribes"/>
				<heading id="PlainsCree" title="Plains Cree"/>
				<heading id="PlainsOjibwa" title="Plains Ojibwa">
					<synonym value="Plains Ojibwa"/>
				</heading>
				<heading id="Ponca" title="Ponca"/>
				<heading id="Prairietribes" title="Prairie tribes"/>
				<heading id="SouthernPlainstribes" title="Southern Plains tribes"/>
				<heading id="Blackfoot" title="Blackfoot">
					<heading id="BlackfootCanada" title="Blackfoot (Canada)"/>
					<heading id="BlackfootUS" title="Blackfoot (US)"/>
				</heading>
				<heading id="Hidatsa" title="Hidatsa">
					<heading id="HidatsaSioux" title="Hidatsa Sioux"/>
				</heading>
				<heading id="Pawnee" title="Pawnee"/>
				<heading id="Wichita" title="Wichita"/>
				<heading id="Plainstribeunspecified" title="Plains tribe (unspecified)"/>
			</heading>
			<heading id="Southwesttribes" title="Southwest tribes">
				<heading id="PuebloTribes" title="Pueblo Tribes">
					<heading id="Acoma" title="Acoma">
						<synonym value="Acomita"/>
					</heading>
					<heading id="Laguna" title="Laguna"/>
					<heading id="Jemez" title="Jemez"/>
					<heading id="Isleta" title="Isleta"/>
					<heading id="Hopi" title="Hopi">
						<heading id="HopiTewa" title="Hopi-Tewa"/>
					</heading>
					<heading id="Pueblo" title="Pueblo">
						<heading id="Pubelo" title="Pubelo (?)"/>
						<heading id="Puebloan" title="Puebloan"/>
					</heading>
					<heading id="SanFelipe" title="San Felipe"/>
					<heading id="SanIldefonso" title="San Ildefonso"/>
					<heading id="SanJuan" title="San Juan"/>
					<heading id="Sandia" title="Sandia"/>
					<heading id="SantaAna" title="Santa Ana"/>
					<heading id="SantaClara" title="Santa Clara"/>
					<heading id="SantoDomingo" title="Santo Domingo"/>
					<heading id="Taos" title="Taos"/>
					<heading id="Tesuque" title="Tesuque"/>
					<heading id="Sia" title="Sia">
						<synonym value="Zia"/>
					</heading>
					<heading id="Nambe" title="Nambe"/>
					<heading id="Cochiti" title="Cochiti"/>
					<heading id="Zuni" title="Zuni"/>
				</heading>
				<heading id="Apache" title="Apache">
					<heading id="Chiricahua" title="Chiricahua"/>
					<heading id="Mescalero" title="Mescalero"/>
					<heading id="Jicarilla" title="Jicarilla"/>
					<heading id="WhiteMountain" title="White Mountain">
						<synonym value="White River"/>
					</heading>
					<heading id="SanCarlos" title="San Carlos"/>
					<heading id="WesternApache" title="Western Apache"/>
				</heading>
				<heading id="Cocopa" title="Cocopa"/>
				<heading id="Navajo" title="Navajo">
					<synonym value="Navaho"/>
				</heading>
				<heading id="LowerColoradoRivertribes" title="Lower Colorado River tribes">
					<synonym value="Yuman"/>
				</heading>
				<heading id="Pai" title="Pai">
					<heading id="Havasupai" title="Havasupai"/>
					<heading id="Yavapai" title="Yavapai">
						<heading id="NortheasternYavapai" title="Northeastern Yavapai"/>
						<heading id="SoutheasternYavapai" title="Southeastern Yavapai"/>
						<heading id="WesternYavapai" title="Western Yavapai">
							<synonym value="Tulkepaia"/>
							<synonym value="Yuma Apache"/>
						</heading>
					</heading>
					<heading id="Walapai" title="Walapai">
						<synonym value="Hualapai"/>
					</heading>
					<heading id="Supai" title="Supai"/>
				</heading>
				<heading id="Papago" title="Papago">
					<synonym value="Tohono O'odham"/>
					<heading id="PapagoSantaRosaArizona" title="Papago, Santa Rosa, Arizona"/>
				</heading>
				<heading id="Picuris" title="Picuris"/>
				<heading id="Pima" title="Pima"/>
				<heading id="Pojoaque" title="Pojoaque"/>
				<heading id="Southwesterntribes" title="Southwestern tribes"/>
				<heading id="Yuma" title="Yuma">
					<synonym value="Quechan"/>
				</heading>
				<heading id="Yaqui" title="Yaqui"/>
				<heading id="Yuman" title="Yuman">
					<heading id="Maricopa" title="Maricopa"/>
				</heading>
				<heading id="Tonto" title="Tonto"/>
				<heading id="Mohave" title="Mohave">
					<synonym value="Mojave"/>
					<synonym value="Mohaveh"/>
				</heading>
				<heading id="Patayan" title="Patayan"/>
				<heading id="Hohokam" title="Hohokam"/>
				<heading id="Mogollon" title="Mogollon"/>
				<heading id="Anasazi" title="Anasazi"/>
			</heading>
			<heading id="NorthwestCoasttribes" title="Northwest Coast tribes">
				<heading id="Clatsop" title="Clatsop"/>
				<heading id="BellaBella" title="Bella Bella"/>
				<heading id="Chehalis" title="Chehalis"/>
				<heading id="FraserRivertribes" title="Fraser River tribes"/>
				<heading id="Makah" title="Makah"/>
				<heading id="Nootka" title="Nootka">
					<synonym value="Nutka"/>
					<synonym value="Nucka"/>
				</heading>
				<heading id="Kwakiutl" title="Kwakiutl">
					<heading id="Kwakiutl" title="Kwakiutl (?)"/>
				</heading>
				<heading id="Haida" title="Haida"/>
				<heading id="Tlingit" title="Tlingit">
					<synonym value="Tlinkit"/>
					<heading id="InlandTlingit" title="Inland Tlingit">
						<heading id="Teslin" title="Teslin"/>
					</heading>
				</heading>
				<heading id="NorthwestCoasttribes" title="Northwest Coast tribes"/>
				<heading id="Tututni" title="Tututni"/>
				<heading id="Quileute" title="Quileute"/>
				<heading id="Twana" title="Twana"/>
				<heading id="Tsimshian" title="Tsimshian">
					<heading id="CoastTsimshian" title="Coast Tsimshian"/>
				</heading>
				<heading id="ChastaCosta" title="Chasta Costa">
					<synonym value="Shasta Costa"/>
				</heading>
				<heading id="ColumbiaRivertribes" title="Columbia River tribes"/>
				<heading id="Nitinat" title="Nitinat"/>
				<heading id="LowerUmpqua" title="Lower Umpqua"/>
				<heading id="LowerChinook" title="Lower Chinook"/>
				<heading id="Kitamaat" title="Kitamaat">
					<synonym value="Haisla"/>
				</heading>
				<heading id="Cowlitz" title="Cowlitz"/>
				<heading id="Cowichan" title="Cowichan"/>
				<heading id="Coquille" title="Coquille"/>
				<heading id="Coos" title="Coos">
					<synonym value="Kus"/>
				</heading>
				<heading id="Puyallup" title="Puyallup">
					<synonym value="Snoqualmi"/>
				</heading>
				<heading id="Queets" title="Queets"/>
				<heading id="Quinault" title="Quinault"/>
				<heading id="Salish" title="Salish">
					<heading id="CoastSalish" title="Coast Salish"/>
					<heading id="Salishantribes" title="Salishan tribes"/>
					<heading id="SouthernSalish" title="Southern Salish"/>
				</heading>
				<heading id="Siletz" title="Siletz"/>
				<heading id="Suquamish" title="Suquamish"/>
				<heading id="Siuslaw" title="Siuslaw"/>
				<heading id="Tillamook" title="Tillamook"/>
				<heading id="UpperUmpqua" title="Upper Umpqua"/>
				<heading id="Washingtontribes" title="Washington tribes">
					<heading id="WesternWashingtontribes" title="Western Washington tribes"/>
				</heading>
				<heading id="Swinomish" title="Swinomish"/>
				<heading id="Oregontribes" title="Oregon tribes">
					<heading id="WesternOregontribes" title="Western Oregon tribes"/>
					<heading id="WesternOregontype" title="Western Oregon type"/>
				</heading>
				<heading id="Snoqualmie" title="Snoqualmie">
					<synonym value="Snoqualemie"/>
					<synonym value="Snoqualmi"/>
					<synonym value="Snuqualmi"/>
				</heading>
			</heading>
			<heading id="Plateautribes" title="Plateau tribes">
				<heading id="Bannock" title="Bannock"/>
				<heading id="Plateautribes" title="Plateau tribes"/>
				<heading id="EasternOregontribes" title="Eastern Oregon tribes"/>
				<heading id="EasternWashingtontribes" title="Eastern Washington tribes"/>
				<heading id="Klikitat" title="Klikitat"/>
				<heading id="NezPerce" title="Nez Perce"/>
				<heading id="Colville" title="Colville"/>
				<heading id="Miniconjou" title="Miniconjou"/>
				<heading id="Lillooet" title="Lillooet"/>
				<heading id="Sanpoil" title="Sanpoil"/>
				<heading id="ThompsonRivertribes" title="Thompson River tribes"/>
				<heading id="Umatilla" title="Umatilla"/>
				<heading id="WallaWalla" title="Walla Walla"/>
				<heading id="Wasco" title="Wasco">
					<heading id="WascoofWarmSpringsReservation" title="Wasco of Warm Springs Reservation"/>
				</heading>
				<heading id="Wishram" title="Wishram"/>
				<heading id="Yakima" title="Yakima"/>
			</heading>
			<heading id="GreatBasintribes" title="Great Basin tribes">
				<heading id="Chemehuevi" title="Chemehuevi">
					<synonym value="Chemehueve"/>
				</heading>
				<heading id="Kawaiisu" title="Kawaiisu"/>
				<heading id="GreatBasintribes" title="Great Basin tribes"/>
				<heading id="Paiute" title="Paiute">
					<heading id="NorthernPaiute" title="Northern Paiute">
						<synonym value="Paviotso"/>
						<heading id="Wadadokado" title="Wadadokado"/>
						<heading id="FallonPaiute" title="Fallon Paiute">
							<heading id="NorthernPaiuteTovusidokadolivingatFallonReservationNevada" title="Northern Paiute (Tovusidokado), living at Fallon Reservation, Nevada."/>
						</heading>
						<heading id="PyramidLakePaiute" title="Pyramid Lake Paiute"/>
						<heading id="NorthernPaiuteuncertain" title="Northern Paiute (uncertain)">
							<heading id="NorthernPaiute" title="Northern Paiute (?)"/>
						</heading>
						<heading id="NorthernPaiuteNevada" title="Northern Paiute, Nevada"/>
						<heading id="MonoLakePaiute" title="Mono Lake Paiute">
							<heading id="NorthernPaiutekutsavidokadoMonoLake" title="Northern Paiute (kutsavi dokado), Mono Lake"/>
						</heading>
					</heading>
					<heading id="SouthernPaiute" title="Southern Paiute">
						<heading id="ShivwitsPaiute" title="Shivwits Paiute"/>
						<heading id="KaibabPaiute" title="Kaibab Paiute"/>
						<heading id="MoapaPaiute" title="Moapa Paiute"/>
					</heading>
				</heading>
				<heading id="Shoshone" title="Shoshone">
					<synonym value="Shoshoni"/>
					<heading id="EasternShoshone" title="Eastern Shoshone"/>
					<heading id="Shoshoneantribes" title="Shoshonean tribes"/>
					<heading id="WesternShoshone" title="Western Shoshone"/>
					<heading id="Panamint" title="Panamint">
						<synonym value="Koso"/>
						<synonym value="Timbasha"/>
					</heading>
					<heading id="Shoshoneuncertain" title="Shoshone (uncertain)">
						<heading id="Shoshone" title="Shoshone (?)"/>
					</heading>
					<heading id="WindRiverShoshoneWyoming" title="Wind River Shoshone, Wyoming"/>
				</heading>
				<heading id="Washo" title="Washo">
					<synonym value="Washoe"/>
				</heading>
				<heading id="Ute" title="Ute">
					<heading id="UintahUte" title="Uintah Ute"/>
					<heading id="UintahUtemarriedtoaWasholivedamongWashoca10years" title="Uintah Ute, married to a Washo, lived among Washo ca. 10 years."/>
				</heading>
				<heading id="Mono" title="Mono">
					<heading id="EasternMono" title="Eastern Mono">
						<synonym value="Owens Valley Paiute"/>
					</heading>
					<heading id="WesternMono" title="Western Mono">
						<synonym value="Monache"/>
						<heading id="Tuhukwadj" title="Tuhukwadj"/>
						<heading id="Wuksachi" title="Wuksachi"/>
						<heading id="Wobonutc" title="Wobonutc"/>
					</heading>
					<heading id="NorthFork" title="North Fork"/>
				</heading>
			</heading>
			<heading id="CaliforniaTribes" title="California Tribes">
				<heading id="CaliforniaTribes" title="California Tribes"/>
				<heading id="Cahto" title="Cahto">
					<synonym value="Chato"/>
					<synonym value="Kato"/>
				</heading>
				<heading id="Cahuilla" title="Cahuilla">
					<synonym value="Coahuilla"/>
					<heading id="MountainCahuilla" title="Mountain Cahuilla"/>
				</heading>
				<heading id="Chilula" title="Chilula"/>
				<heading id="Chumash" title="Chumash">
					<heading id="VenturenoChumash" title="Ventureno Chumash"/>
				</heading>
				<heading id="Chukchansi" title="Chukchansi"/>
				<heading id="Nomlaki" title="Nomlaki"/>
				<heading id="Modoc" title="Modoc"/>
				<heading id="Miwok" title="Miwok">
					<heading id="CoastMiwok" title="Coast Miwok"/>
					<heading id="LakeMiwok" title="Lake Miwok"/>
					<heading id="SierraMiwok" title="Sierra Miwok">
						<heading id="SouthernSierraMiwok" title="Southern Sierra Miwok"/>
						<heading id="CentralSierraMiwok" title="Central Sierra Miwok"/>
						<heading id="NorthernSierraMiwok" title="Northern Sierra Miwok"/>
					</heading>
					<heading id="PlainsMiwok" title="Plains Miwok"/>
				</heading>
				<heading id="Yokuts" title="Yokuts">
					<heading id="Mitcahai" title="Mitcahai"/>
					<heading id="Yaudanchi" title="Yaudanchi"/>
					<heading id="NorthernYokuts" title="Northern Yokuts"/>
					<heading id="Tachi" title="Tachi">
						<synonym value="Tochi"/>
					</heading>
					<heading id="Chunut" title="Chunut">
						<synonym value="Yokut"/>
						<synonym value="Southern Valley Yokut"/>
					</heading>
					<heading id="Choinimni" title="Choinimni"/>
				</heading>
				<heading id="MissionTribes" title="Mission Tribes"/>
				<heading id="Mattole" title="Mattole">
					<synonym value="Matole"/>
				</heading>
				<heading id="Maidu" title="Maidu">
					<heading id="MaiduNishiam" title="Maidu, Nishiam"/>
					<heading id="Concow" title="Concow"/>
					<heading id="NortheasternMaidu" title="Northeastern Maidu"/>
					<heading id="Maiduuncertain" title="Maidu (uncertain)">
						<heading id="Maidu" title="Maidu (?)"/>
						<heading id="Nisenan" title="Nisenan (?)"/>
					</heading>
					<heading id="Nisenan" title="Nisenan">
						<synonym value="Southern Maidu"/>
					</heading>
				</heading>
				<heading id="Luiseo" title="Luiseo">
					<synonym value="Luiseno"/>
				</heading>
				<heading id="Klamath" title="Klamath">
					<heading id="KlamathReservation" title="Klamath Reservation"/>
					<heading id="KlamathRiverTribes" title="Klamath River Tribes">
						<heading id="LowerKlamathRiverTribes" title="Lower Klamath River Tribes"/>
					</heading>
					<heading id="KlamathLakeTribes" title="Klamath Lake Tribes"/>
				</heading>
				<heading id="Kitanemuk" title="Kitanemuk"/>
				<heading id="Juaneno" title="Juaneno"/>
				<heading id="Hupa" title="Hupa"/>
				<heading id="Gabrieleno" title="Gabrieleno">
					<synonym value="San Gabriel"/>
				</heading>
				<heading id="Diegueno" title="Diegueno">
					<heading id="DieguenoNorthern" title="Diegueno, Northern"/>
					<heading id="Kumeyaay" title="Kumeyaay"/>
					<heading id="SouthernDiegueno" title="Southern Diegueno"/>
					<heading id="NorthernDiegueno" title="Northern Diegueno"/>
					<heading id="Kamia" title="Kamia"/>
				</heading>
				<heading id="Cupeo" title="Cupeo">
					<heading id="Cupeno" title="Cupeno">
						<synonym value="Agua Caliente"/>
					</heading>
				</heading>
				<heading id="Costanoan" title="Costanoan"/>
				<heading id="NorthernCaliforniatribes" title="Northern California tribes"/>
				<heading id="Ohlone" title="Ohlone"/>
				<heading id="Patwin" title="Patwin"/>
				<heading id="Pomo" title="Pomo">
					<heading id="KashayaPomo" title="Kashaya Pomo">
						<synonym value="Pomo, S.W."/>
						<synonym value="S.W. Pomo"/>
						<synonym value="Kashaya"/>
						<synonym value="Southwestern Pomo"/>
						<synonym value="Kashia Pomo"/>
						<synonym value="Kashia"/>
					</heading>
					<heading id="EasternPomo" title="Eastern Pomo"/>
					<heading id="NorthernPomo" title="Northern Pomo">
						<synonym value="N. Pomo"/>
					</heading>
					<heading id="Pomoan" title="Pomoan">
						<synonym value="Pomo"/>
					</heading>
					<heading id="CentralPomo" title="Central Pomo">
						<heading id="PomoNCentral" title="Pomo, N. Central">
							<synonym value="North Central Pomo"/>
						</heading>
					</heading>
					<heading id="CoastalPomo" title="Coastal Pomo"/>
					<heading id="NorthwesternPomo" title="Northwestern Pomo">
						<synonym value="NW Pomo"/>
						<synonym value="N.W. Pomo"/>
					</heading>
					<heading id="NortheasternPomo" title="Northeastern Pomo">
						<synonym value="NE Pomo"/>
						<synonym value="N.E. Pomo"/>
					</heading>
					<heading id="SoutheasternPomo" title="Southeastern Pomo">
						<synonym value="SE Pomo"/>
						<synonym value="S.E. Pomo"/>
					</heading>
					<heading id="SouthernPomo" title="Southern Pomo">
						<synonym value="S. Pomo"/>
						<synonym value="S Pomo"/>
					</heading>
					<heading id="LittleLake" title="Little Lake"/>
					<heading id="Pomouncertain" title="Pomo (uncertain)">
						<heading id="Pomo" title="Pomo (?)"/>
					</heading>
				</heading>
				<heading id="RoundValleyReservation" title="Round Valley Reservation"/>
				<heading id="Wiyot" title="Wiyot">
					<heading id="Wiyot" title="Wiyot">
						<synonym value="Wishosk"/>
					</heading>
				</heading>
				<heading id="Yahi" title="Yahi">
					<heading id="Yahiuncertain" title="Yahi (uncertain)">
						<heading id="Yahi" title="Yahi(?)"/>
					</heading>
				</heading>
				<heading id="Yana" title="Yana">
					<heading id="NorthernYana" title="Northern Yana"/>
					<heading id="Yanauncertain" title="Yana (uncertain)">
						<heading id="Yana" title="Yana (?)"/>
					</heading>
				</heading>
				<heading id="Yuki" title="Yuki">
					<heading id="CoastYuki" title="Coast Yuki"/>
					<heading id="HuchnomYuki" title="Huchnom Yuki"/>
				</heading>
				<heading id="Yurok" title="Yurok">
					<heading id="Yoruk" title="Yoruk"/>
					<heading id="Weitchpec" title="Weitchpec"/>
					<heading id="Yurok_Klamath" title="Yurok_Klamath">
						<synonym value="Klamath Lake"/>
					</heading>
					<heading id="Yorokuncertain" title="Yorok (uncertain)">
						<heading id="Yurok" title="Yurok (?)"/>
					</heading>
					<heading id="CoastYurok" title="Coast Yurok">
						<heading id="CoastalYurokandthewifeofTskerkr" title="Coastal Yurok and the wife of Tskerkr"/>
						<heading id="CostalYurokfromOrickandthesisterofTskerkr" title="Costal Yurok from Orick, and the sister of Tskerkr"/>
						<heading id="AcoastalYurokfromOrick" title="A coastal Yurok from Orick"/>
					</heading>
				</heading>
				<heading id="Salinan" title="Salinan"/>
				<heading id="Sinkyone" title="Sinkyone">
					<heading id="Lolanko" title="Lolanko"/>
				</heading>
				<heading id="Wappo" title="Wappo"/>
				<heading id="Wukchamni" title="Wukchamni"/>
				<heading id="AchomawiPitRiver" title="Achomawi (Pit River)">
					<synonym value="Achomawi"/>
					<synonym value="Pit River"/>
					<synonym value="Achumawi"/>
				</heading>
				<heading id="Tolowa" title="Tolowa">
					<synonym value="Etchulets"/>
					<synonym value="Etchulet"/>
					<synonym value="Dalawa"/>
					<synonym value="Tollowa"/>
					<synonym value="Tol'-lo-wah"/>
					<synonym value="Tolewahs"/>
					<synonym value="Tahlewahs"/>
					<synonym value="Talawas"/>
					<synonym value="Yantuckets"/>
					<synonym value="Tahluwah"/>
					<synonym value="Tolana"/>
					<synonym value="Dalawas"/>
					<synonym value="Tollowas"/>
					<synonym value="Tol'-lo-wahs"/>
					<synonym value="Tolewah"/>
					<synonym value="Tahlewah"/>
					<synonym value="Talawa"/>
					<synonym value="Yantucket"/>
					<synonym value="Tahluwahs"/>
					<synonym value="Tolanas"/>
				</heading>
				<heading id="Lassik" title="Lassik"/>
				<heading id="Nongatl" title="Nongatl"/>
				<heading id="Shasta" title="Shasta">
					<heading id="NewRiverShasta" title="New River Shasta"/>
				</heading>
				<heading id="Whilkut" title="Whilkut">
					<synonym value="Redwood Indian"/>
				</heading>
				<heading id="NortheasternCaliforniatribes" title="Northeastern California tribes"/>
				<heading id="BearRiver" title="Bear River">
					<synonym value="Bear River, Humboldt"/>
					<synonym value="Wiyot"/>
					<synonym value="Matole"/>
					<synonym value="Mattole"/>
					<heading id="AthabascanBearRiverCalifornia" title="Athabascan, Bear River, California"/>
				</heading>
				<heading id="Atsugewi" title="Atsugewi">
					<synonym value="Atsuwegi"/>
					<synonym value="Apwarige"/>
					<synonym value="Apwaruge"/>
					<heading id="AtsugewiHatCreek" title="Atsugewi (Hat Creek)">
						<synonym value="Atsugewi"/>
					</heading>
					<heading id="Atsugewi" title="Atsugewi ?"/>
				</heading>
				<heading id="Serrano" title="Serrano"/>
				<heading id="CaliforniaDesert" title="California Desert"/>
				<heading id="Karuk" title="Karuk">
					<heading id="Karok" title="Karok">
						<heading id="Karokuncertain" title="Karok (uncertain)">
							<heading id="Karok" title="Karok(?)"/>
							<heading id="Karokprob" title="Karok, prob."/>
						</heading>
					</heading>
				</heading>
				<heading id="Tubatalabal" title="Tubatalabal">
					<heading id="Tbatulabal" title="Tbatulabal"/>
				</heading>
				<heading id="Wailaki" title="Wailaki"/>
				<heading id="Wintu" title="Wintu">
					<synonym value="Northern Wintun"/>
					<heading id="Wintuntribes" title="Wintun tribes"/>
					<heading id="Wintuuncertain" title="Wintu (uncertain)"/>
					<heading id="McCloudRiverIndian" title="McCloud River Indian"/>
					<heading id="MiddleWintun" title="Middle Wintun"/>
				</heading>
				<heading id="AthabascansofLowerMadRiver" title="Athabascans of Lower Mad River"/>
			</heading>
			<heading id="Arctictribes" title="Arctic tribes">
				<heading id="Aleut" title="Aleut">
					<heading id="Attu" title="Attu">
						<heading id="WesternAttu" title="Western Attu"/>
					</heading>
					<heading id="WesternAleut" title="Western Aleut"/>
					<heading id="EasternAleut" title="Eastern Aleut"/>
				</heading>
				<heading id="Unalaskan" title="Unalaskan"/>
				<heading id="Eskimo" title="Eskimo">
					<heading id="AglegmiutEskimo" title="Aglegmiut Eskimo"/>
					<heading id="AlaskanEskimo" title="Alaskan Eskimo">
						<synonym value="Western Eskimo"/>
					</heading>
					<heading id="AkulemjuteEskimoAlter" title="Aku-le-mjute Eskimo (Alter)">
						<synonym value="Akuliarmiut or Akulemiut"/>
					</heading>
					<heading id="BeringStraightEskimo" title="Bering Straight Eskimo"/>
					<heading id="AdahEskimo" title="Adah Eskimo"/>
					<heading id="CanadianEskimo" title="Canadian Eskimo"/>
					<heading id="CaribouEskimo" title="Caribou Eskimo"/>
					<heading id="CapeEspenbergEskimo" title="Cape Espenberg Eskimo"/>
					<heading id="AkulemiutEskimo" title="Akulemiut Eskimo">
						<synonym value="Aku-le-mjute (Alter) ?"/>
					</heading>
					<heading id="CopperEskimo" title="Copper Eskimo"/>
					<heading id="ColvilleRiverEskimo" title="Colville River Eskimo"/>
					<heading id="Eskimo" title="Eskimo">
						<synonym value="Inuit"/>
					</heading>
					<heading id="KalugademiutEskimo" title="Kaluga-de-miut Eskimo">
						<synonym value="Kayaligmiut"/>
					</heading>
					<heading id="KingIslandEskimo" title="King Island Eskimo"/>
					<heading id="KuskowagmiutEskimo" title="Kuskowagmiut Eskimo">
						<synonym value="Kuskowagmut Eskimo"/>
					</heading>
					<heading id="KuskokwimEskimo" title="Kuskokwim Eskimo"/>
					<heading id="KugmallitEskimo" title="Kugmallit Eskimo">
						<synonym value="Kogmollick"/>
					</heading>
					<heading id="KodiakEskimo" title="Kodiak Eskimo"/>
					<heading id="MalemiutEskimo" title="Malemiut Eskimo">
						<synonym value="Malemute"/>
					</heading>
					<heading id="MackenzieEskimo" title="Mackenzie Eskimo"/>
					<heading id="LowerYukonRiverEskimo" title="Lower Yukon River Eskimo"/>
					<heading id="KotzebueSoundEskimo" title="Kotzebue Sound Eskimo"/>
					<heading id="KenaiEskimo" title="Kenai Eskimo"/>
					<heading id="InlandEskimo" title="Inland Eskimo"/>
					<heading id="LabradorEskimo" title="Labrador Eskimo"/>
					<heading id="NortonSoundEskimo" title="Norton Sound Eskimo"/>
					<heading id="NunamiutEskimo" title="Nunamiut Eskimo"/>
					<heading id="UgashikEskimo" title="Ugashik Eskimo">
						<synonym value="Ugashak"/>
					</heading>
					<heading id="PointBarrowEskimo" title="Point Barrow Eskimo"/>
					<heading id="PacificEskimo" title="Pacific Eskimo"/>
					<heading id="NunatagmiutEskimo" title="Nunatagmiut Eskimo"/>
					<heading id="NunivakIslandEskimo" title="Nunivak Island Eskimo"/>
					<heading id="YupikEskimo" title="Yupik Eskimo"/>
					<heading id="PointHopeEskimo" title="Point Hope Eskimo"/>
					<heading id="StLawrenceIslandEskimo" title="St. Lawrence Island Eskimo"/>
					<heading id="Ntlakapanuk" title="Ntlakapanuk">
						<heading id="ChinookJargon" title="Chinook Jargon"/>
					</heading>
					<heading id="SiberianEskimo" title="Siberian Eskimo"/>
				</heading>
				<heading id="Koniag" title="Koniag"/>
				<heading id="Igylak" title="Igylak"/>
				<heading id="Noonatagmiut" title="Noona-tagmiut">
					<synonym value="Noonatagmioot"/>
				</heading>
				<heading id="KookPugunoot" title="Kook-Pugunoot"/>
				<heading id="NoonaTaney" title="Noona-Taney"/>
				<heading id="NorthIgylak" title="North Igylak"/>
			</heading>
			<heading id="Southeasttribes" title="Southeast tribes">
				<heading id="Southeasterntribes" title="Southeastern tribes"/>
				<heading id="Creek" title="Creek"/>
				<heading id="Atakapa" title="Atakapa"/>
				<heading id="Houma" title="Houma">
					<synonym value="Huma"/>
				</heading>
				<heading id="Koasati" title="Koasati">
					<synonym value="Coushatta"/>
				</heading>
				<heading id="Seminole" title="Seminole"/>
				<heading id="Tunica" title="Tunica"/>
				<heading id="Alabama" title="Alabama">
					<synonym value="Alibamu"/>
				</heading>
				<heading id="Chitimacha" title="Chitimacha"/>
				<heading id="Caddo" title="Caddo"/>
				<heading id="Cherokee" title="Cherokee"/>
				<heading id="Roanoke" title="Roanoke"/>
				<heading id="Gullah" title="Gullah"/>
			</heading>
			<heading id="Northeasttribes" title="Northeast tribes">
				<heading id="Nipmuck" title="Nipmuck"/>
				<heading id="Algonquiantribes" title="Algonquian tribes">
					<synonym value="Algonkian"/>
				</heading>
				<heading id="Algonquin" title="Algonquin">
					<synonym value="Algonkin"/>
				</heading>
				<heading id="Chippewa" title="Chippewa">
					<heading id="Ojibwa" title="Ojibwa">
						<synonym value="Chippewa"/>
						<synonym value="Ojibwa"/>
					</heading>
				</heading>
				<heading id="Micmac" title="Micmac">
					<synonym value="Mecmac"/>
				</heading>
				<heading id="Maliseet" title="Maliseet"/>
				<heading id="Iroquois" title="Iroquois">
					<heading id="Seneca" title="Seneca"/>
					<heading id="Onondaga" title="Onondaga"/>
					<heading id="Cayuga" title="Cayuga"/>
					<heading id="Oneida" title="Oneida"/>
					<heading id="Mohawk" title="Mohawk"/>
				</heading>
				<heading id="Huron" title="Huron"/>
				<heading id="GreatLakestribes" title="Great Lakes tribes">
					<heading id="UpperGreatLakestribes" title="Upper Great Lakes tribes">
						<synonym value="Northern Greak Lakes tribes"/>
					</heading>
				</heading>
				<heading id="EasternWoodlandtribes" title="Eastern Woodland tribes"/>
				<heading id="Delaware" title="Delaware"/>
				<heading id="Passamaquoddy" title="Passamaquoddy"/>
				<heading id="Penobscot" title="Penobscot">
					<synonym value="Abnaki"/>
				</heading>
				<heading id="Potawatomi" title="Potawatomi"/>
				<heading id="SaukandFox" title="Sauk and Fox"/>
				<heading id="Winnebago" title="Winnebago"/>
				<heading id="Aztalan" title="Aztalan"/>
			</heading>
			<heading id="NorthAmericantribes" title="North American tribes">
				<heading id="Variousnativegroup" title="Various native group">
					<heading id="Various" title="Various"/>
				</heading>
			</heading>
			<heading id="Mexicantribes" title="Mexican tribes">
				<heading id="Huichol" title="Huichol"/>
				<heading id="Zapotec" title="Zapotec"/>
				<heading id="Maya" title="Maya"/>
				<heading id="Nahua" title="Nahua"/>
				<heading id="Seri" title="Seri"/>
				<heading id="Mayo" title="Mayo"/>
				<heading id="Mexican" title="Mexican"/>
			</heading>
			<heading id="CaliforniaIndiansShannonsTemp" title="California Indians-Shannon's Temp">
				<heading id="Wiyot" title="Wiyot">
					<synonym value="So-lot-luck"/>
					<synonym value="So-lah-te-luk"/>
					<synonym value="Wishosk"/>
					<heading id="LowerMadRiver" title="Lower Mad River">
						<synonym value="da-sulatelu"/>
						<synonym value="Batawat"/>
						<synonym value="Wishosk"/>
					</heading>
					<heading id="HumboldtBay" title="Humboldt Bay">
						<synonym value="Viard"/>
						<synonym value="Wishosk"/>
					</heading>
					<heading id="EelRiver" title="Eel River">
						<synonym value="Wiyot"/>
						<synonym value="Viard"/>
					</heading>
				</heading>
				<heading id="Hupa" title="Hupa">
					<synonym value="Nabiltse"/>
					<synonym value="Natano"/>
					<synonym value="Trinity"/>
					<synonym value="Hoopah"/>
					<heading id="SouthForkHupa" title="South Fork Hupa">
						<synonym value="Tsaningwha"/>
						<synonym value="South Fork Indians"/>
					</heading>
				</heading>
				<heading id="Chilula" title="Chilula">
					<synonym value="Bald Hills Indians"/>
				</heading>
				<heading id="Whilkut" title="Whilkut">
					<synonym value="Redwood Indians"/>
				</heading>
				<heading id="Karok" title="Karok">
					<synonym value="Cahroc"/>
					<synonym value="Cahrok"/>
					<synonym value="Peh-tsik"/>
					<synonym value="Arra-Arra"/>
					<synonym value="Kisappuhiwu"/>
					<heading id="Quoratem" title="Quoratem"/>
					<heading id="Ehnek" title="Eh-nek">
						<synonym value="Ehnik"/>
					</heading>
				</heading>
				<heading id="Chimariko" title="Chimariko">
					<synonym value="Chimalakwe"/>
					<synonym value="Kwoshonipu"/>
				</heading>
				<heading id="Cahto" title="Cahto">
					<synonym value="Batem-da-kai-ee"/>
					<synonym value="Kai Po-mo"/>
					<synonym value="Kaipomo"/>
					<synonym value="Ka-to-Po-mo"/>
					<synonym value="Kato Pomo"/>
					<synonym value="Cahto Pomo"/>
					<synonym value="Kato"/>
					<synonym value="Kahto"/>
					<synonym value="To-chil-pe"/>
					<synonym value="Ke-ah-hahng"/>
				</heading>
				<heading id="Huchnom" title="Huchnom">
					<synonym value="Hoochnom"/>
					<synonym value="Choo-mi-ah"/>
					<synonym value="Red Woods"/>
					<synonym value="Redwoods"/>
					<synonym value="Taco"/>
					<synonym value="Tahtoo"/>
					<synonym value="Tatu"/>
				</heading>
				<heading id="Wappo" title="Wappo">
					<synonym value="Guapo"/>
					<synonym value="Guapos"/>
					<synonym value="Wapo"/>
					<synonym value="Wappa"/>
					<synonym value="Wattos"/>
					<synonym value="Rincon"/>
					<synonym value="Caymus"/>
					<synonym value="Indiens de la Valee de Napa et du Clear Lake and Lili'ek"/>
					<heading id="Ashochemies" title="Ashochemies">
						<synonym value="Ash-o-chi-mi"/>
					</heading>
					<heading id="Mishewal" title="Mishewal"/>
					<heading id="Kolijolmanok" title="Kolijolmanok">
						<synonym value="Conahomanas"/>
					</heading>
					<heading id="Mayacama" title="Mayacama">
						<synonym value="Miyahkmah"/>
						<synonym value="Maiyakama"/>
						<synonym value="Mayacomos"/>
						<synonym value="Myacomas"/>
					</heading>
				</heading>
				<heading id="Wintu" title="Wintu">
					<synonym value="Win-toon"/>
					<synonym value="Northern Wintun"/>
					<synonym value="Mountain Diggers"/>
					<synonym value="Shasta"/>
					<synonym value="Trinity Wintu"/>
					<synonym value="Trinity"/>
					<synonym value="Xatukwi-wa"/>
					<synonym value="Khatukeyu"/>
					<heading id="Nomtipom" title="Nomtipom"/>
					<heading id="Wenemem" title="Wenem-em">
						<synonym value="Wenemem"/>
					</heading>
					<heading id="Dawpom" title="Dawpom"/>
					<heading id="elpom" title="?elpom"/>
					<heading id="abalpom" title="'abal-pom"/>
					<heading id="Nomsus" title="Nomsu.s"/>
					<heading id="Dawnom" title="Dawnom"/>
					<heading id="Norelmeq" title="Norelmeq"/>
					<heading id="Waymaq" title="Waymaq"/>
				</heading>
				<heading id="Nomlaki" title="Nomlaki">
					<synonym value="Nomlaka"/>
					<synonym value="Nomkewel"/>
					<synonym value="Waltoykewel"/>
					<synonym value="Nome Lackee"/>
					<synonym value="Noamlaki"/>
					<synonym value="Nomee Lacks"/>
					<synonym value="Nome Lackees"/>
					<synonym value="Numleki"/>
					<synonym value="Noamlackie"/>
					<synonym value="Tehama"/>
					<synonym value="Titkaieno'm"/>
					<synonym value="Proper Wintun"/>
					<synonym value="Central Wintun"/>
					<heading id="HillWintun" title="Hill Wintun">
						<synonym value="Hill Nomlaki"/>
					</heading>
					<heading id="RiverWintun" title="River Wintun">
						<synonym value="River Nomlaki"/>
						<heading id="Memwaylaka" title="Memwaylaka"/>
						<heading id="Puymok" title="Puymok"/>
					</heading>
				</heading>
				<heading id="Patwin" title="Patwin">
					<synonym value="Patweens"/>
					<synonym value="Copeh"/>
					<synonym value="Southern Wintun"/>
					<synonym value="Southerly Wintun"/>
					<synonym value="Noymok"/>
					<synonym value="Pa-leli"/>
					<synonym value="Pat-win'"/>
					<heading id="HillPatwin" title="Hill Patwin">
						<synonym value="Southwestern Patwin"/>
					</heading>
					<heading id="RiverPatwin" title="River Patwin">
						<synonym value="Southeastern Patwin"/>
						<synonym value="Southern Patwin"/>
					</heading>
					<heading id="LittleStonyCreekPatwin" title="Little Stony Creek Patwin">
						<synonym value="Ku'mnom"/>
					</heading>
				</heading>
				<heading id="Yana" title="Yana">
					<synonym value="Yahi Yana"/>
					<synonym value="Kombo"/>
					<synonym value="Yahi"/>
					<heading id="NorthernorCentralYana" title="Northern or Central Yana">
						<synonym value="Nozi"/>
						<synonym value="Nosi"/>
						<synonym value="Noze"/>
						<synonym value="Nozhi"/>
						<synonym value="Nosa"/>
						<synonym value="Garii"/>
						<synonym value="Gatai"/>
						<synonym value="Puisus"/>
						<synonym value="Puiel Yuki"/>
					</heading>
					<heading id="YahiYana" title="Yahi Yana">
						<synonym value="Kombo"/>
						<synonym value="Yaana"/>
						<synonym value="Yaaxi"/>
						<synonym value="Tisaitei"/>
						<synonym value="Yahnah"/>
					</heading>
				</heading>
				<heading id="Maidu" title="Maidu">
					<synonym value="Mai'-deh"/>
					<synonym value="Mai'-du"/>
					<synonym value="Meidoos"/>
					<synonym value="Midu"/>
					<synonym value="Pujunan"/>
					<synonym value="Maydi"/>
					<synonym value="Mountain Maidu"/>
					<synonym value="Northeastern Maidu"/>
					<heading id="Konkow" title="Konkow">
						<synonym value="Cancons"/>
						<synonym value="Cancow"/>
						<synonym value="Caw-Caw"/>
						<synonym value="Con-Cous"/>
						<synonym value="Con-Con's"/>
						<synonym value="Con-Cow"/>
						<synonym value="Concow"/>
						<synonym value="Cou-Cows"/>
						<synonym value="Cow-Cow"/>
						<synonym value="KanKau"/>
						<synonym value="Northwestern Maidu"/>
					</heading>
					<heading id="Nisenan" title="Nisenan">
						<synonym value="Nisena-n"/>
						<synonym value="Nishinam"/>
						<synonym value="Nis-se-non"/>
						<synonym value="Nisinan"/>
						<synonym value="Nis'-sim Pa'-we-nan"/>
						<synonym value="Nis-se  Pa-we-nan"/>
						<synonym value="Southern Maidu"/>
						<synonym value="Valley Nisenan"/>
						<synonym value="Tainkoyo"/>
						<synonym value="Tanko"/>
						<synonym value="Tankum"/>
						<synonym value="Wo'lok"/>
						<synonym value="Hoc"/>
						<synonym value="Hock"/>
						<synonym value="Hok"/>
						<synonym value="Culloma"/>
						<synonym value="Coloma"/>
						<synonym value="Culooma"/>
						<synonym value="Koloma"/>
						<synonym value="Kiske"/>
						<synonym value="Yuba"/>
						<synonym value="Uba"/>
						<synonym value="Yupu"/>
						<synonym value="Pusune"/>
						<synonym value="Pu-su'-ne"/>
						<synonym value="Pu-su'-na"/>
						<synonym value="Poosoonas"/>
						<synonym value="Pushune"/>
						<synonym value="Puzhune"/>
						<synonym value="Puzlumne"/>
						<synonym value="Pujune"/>
						<synonym value="Digger"/>
					</heading>
				</heading>
				<heading id="Monache" title="Monache">
					<synonym value="Monachi"/>
					<synonym value="Monos"/>
					<synonym value="Western Mono"/>
					<synonym value="Nuta'wi"/>
					<synonym value="Nutsa'wi"/>
					<synonym value="Mono"/>
					<heading id="NorthforkMono" title="Northfork Mono">
						<synonym value="Nim"/>
						<synonym value="Neum"/>
					</heading>
					<heading id="Wobonuch" title="Wobonuch">
						<synonym value="Woponutch"/>
						<synonym value="Wa-pon-nutch"/>
						<synonym value="Wo-pung'-witch"/>
					</heading>
					<heading id="Entimbich" title="Entimbich">
						<synonym value="Em'-tim'-bitch"/>
						<synonym value="Intimpeach"/>
					</heading>
					<heading id="Michahay" title="Michahay">
						<synonym value="Michahaisha"/>
						<synonym value="Michahayisa"/>
					</heading>
					<heading id="Waksachi" title="Waksachi">
						<synonym value="Wuksache"/>
						<synonym value="Wack-sa-che"/>
						<synonym value="Pa'ohabi"/>
					</heading>
					<heading id="Patwisha" title="Patwisha">
						<synonym value="Balwisha"/>
						<synonym value="Padoosha"/>
						<synonym value="Pot'-wish-ah"/>
						<synonym value="Pal-wis-ha"/>
					</heading>
				</heading>
				<heading id="Tubatulabal" title="Tubatulabal">
					<synonym value="Kern River Indians"/>
					<synonym value="Te-bot-e-lob-e-lay"/>
					<heading id="Pahkanapil" title="Pahkanapil">
						<synonym value="Ku-chi-bich-i-wa nap'"/>
						<synonym value="Ti-pa-to-la-pa"/>
						<synonym value="Bahkanapul"/>
					</heading>
					<heading id="Palagewan" title="Palagewan">
						<synonym value="Polokawynahs"/>
						<synonym value="Palligawonap"/>
						<synonym value="Pallegawonap"/>
					</heading>
					<heading id="Bankalachi" title="Bankalachi">
						<synonym value="Toloim"/>
					</heading>
				</heading>
				<heading id="Costanoan" title="Costanoan">
					<synonym value="Olhonean"/>
					<synonym value="Olhone"/>
					<synonym value="Alchone"/>
					<synonym value="Olchone"/>
					<synonym value="Oljon"/>
					<synonym value="Cotegen"/>
					<synonym value="Saclan"/>
					<heading id="Monterey" title="Monterey">
						<synonym value="Rumsen"/>
					</heading>
					<heading id="Soledad" title="Soledad">
						<synonym value="Chalon"/>
					</heading>
					<heading id="SanJuanBautista" title="San Juan Bautista">
						<synonym value="Mutsun"/>
					</heading>
					<heading id="SantaCruz" title="Santa Cruz">
						<synonym value="Awaswas"/>
						<synonym value="Chochenyo"/>
					</heading>
					<heading id="SanFrancisco" title="San Francisco">
						<synonym value="Ramaytush"/>
					</heading>
				</heading>
				<heading id="Esselen" title="Esselen">
					<synonym value="Eslen"/>
					<synonym value="Eslenes"/>
					<synonym value="Ecclemach"/>
					<synonym value="Exellemaks"/>
					<synonym value="Aschatliens"/>
					<synonym value="Excelen"/>
					<synonym value="Ecselen"/>
					<synonym value="Escelen"/>
					<synonym value="Ensen"/>
					<heading id="Excelen" title="Excelen"/>
					<heading id="Echilat" title="Echilat"/>
					<heading id="ElPino" title="El Pino"/>
					<heading id="Cuchunu" title="Cuchunu"/>
					<heading id="Eslenajan" title="Eslenajan"/>
					<heading id="Tucutnut" title="Tucutnut"/>
				</heading>
				<heading id="Salinan" title="Salinan">
					<synonym value="En'-ne'sen"/>
					<heading id="Antonianos" title="Antonianos"/>
					<heading id="Miguelenos" title="Miguelenos"/>
					<heading id="Playanos" title="Playanos"/>
				</heading>
				<heading id="Tataviam" title="Tataviam">
					<synonym value="Turumkavet"/>
					<synonym value="Tatavi-yam"/>
					<synonym value="Ataplili'ish"/>
					<synonym value="Alliklik"/>
					<synonym value="Cuabajai"/>
					<synonym value="Castecuenos"/>
				</heading>
				<heading id="Gabrielino" title="Gabrielino">
					<synonym value="Kumivit"/>
					<synonym value="Gabrilenos"/>
					<synonym value="Gabrieleno"/>
					<synonym value="Kij"/>
					<synonym value="Kizh"/>
					<synonym value="Tobikhars"/>
					<synonym value="Tumamqamalum"/>
				</heading>
				<heading id="Luiseno" title="Luiseno">
					<synonym value="Luisenos"/>
					<synonym value="Juaneno"/>
					<synonym value="Quechnajuichom"/>
					<synonym value="Sanjuanenos"/>
					<synonym value="San Luisienos"/>
					<synonym value="Ghecham"/>
					<synonym value="Khecham"/>
					<synonym value="Kechi"/>
					<synonym value="Kechis"/>
					<synonym value="Acagchemem"/>
				</heading>
				<heading id="Kitanemuk" title="Kitanemuk">
					<synonym value="Kikitanum"/>
					<synonym value="Kikitamakar"/>
					<synonym value="Mayaintalap"/>
					<synonym value="Witanghatal"/>
					<synonym value="Nawiyat"/>
					<synonym value="Kuvahaivima"/>
					<synonym value="Tejon Indians"/>
					<synonym value="Haminot"/>
				</heading>
				<heading id="Serrano" title="Serrano">
					<synonym value="Maringints"/>
					<synonym value="Pitanta"/>
					<synonym value="Marayam"/>
					<synonym value="Kuko-mkar"/>
					<synonym value="Qaqa-yvit"/>
					<synonym value="Takhtam"/>
					<synonym value="Kaiviatam"/>
					<synonym value="Cow-ang-a-chem"/>
					<synonym value="Cahuilla"/>
					<synonym value="Vanyume"/>
					<synonym value="Beneme"/>
					<synonym value="Mohiyanim"/>
					<synonym value="Mohineyam"/>
					<synonym value="Mohinyam"/>
				</heading>
				<heading id="Cahuilla" title="Cahuilla">
					<synonym value="Kumi-taraxam"/>
					<synonym value="Cowela"/>
					<synonym value="Cowillas"/>
					<synonym value="Dancers"/>
					<synonym value="Danzarines"/>
					<synonym value="Gecuiches"/>
					<synonym value="Hakwiche"/>
					<synonym value="Jecuches"/>
					<synonym value="Jecuiches"/>
					<synonym value="Jecueche"/>
					<synonym value="Kahuilla"/>
					<synonym value="Kahweaks"/>
					<synonym value="Kah-we-as"/>
					<synonym value="Kahweyahs"/>
					<synonym value="Kauvuyas"/>
					<synonym value="Kau-yai-chits"/>
					<synonym value="Kavayos"/>
					<synonym value="Kavwaru-Maup"/>
					<synonym value="Koahualla"/>
					<synonym value="Tecuiche"/>
					<synonym value="Cahahaguillas"/>
					<synonym value="Coahuillas"/>
				</heading>
				<heading id="Cupeno" title="Cupeno">
					<synonym value="Warner's Ranch Indians"/>
					<synonym value="Kupa"/>
					<synonym value="Jajopin"/>
					<synonym value="Aqua Caliente"/>
					<synonym value="Kupanakiktum"/>
					<synonym value="Kupa-ngakitom"/>
					<synonym value="Cupanga-kitoms"/>
					<synonym value="Tochil"/>
					<synonym value="Jecuiche"/>
					<synonym value="Chay mukatem"/>
					<synonym value="Qakwat"/>
				</heading>
				<heading id="TipaiIpai" title="Tipai-Ipai">
					<synonym value="Ipai"/>
					<synonym value="Ipaye"/>
					<synonym value="Tipai'"/>
					<synonym value="Tipai"/>
					<synonym value="Diegueno"/>
					<synonym value="Kawak-upai"/>
					<synonym value="Kawakipai"/>
				</heading>
				<heading id="Yokuts" title="Yokuts">
					<heading id="SouthernValleyYokuts" title="Southern Valley Yokuts">
						<heading id="Tachi" title="Tachi">
							<synonym value="Ta'-chi"/>
							<synonym value="Tah'-che"/>
							<synonym value="Atach"/>
							<synonym value="Atache"/>
							<synonym value="Dachi"/>
							<synonym value="Laches"/>
							<synonym value="Tadji"/>
							<synonym value="Talches"/>
							<synonym value="Ton-Taches"/>
						</heading>
						<heading id="Chunut" title="Chunut">
							<synonym value="Chu'-nut"/>
							<synonym value="Choo'-nut"/>
							<synonym value="Chohonuts"/>
							<synonym value="Chonot"/>
							<synonym value="Chuste"/>
						</heading>
						<heading id="Wowol" title="Wowol">
							<synonym value="Wah-wol"/>
							<synonym value="Woo-wells"/>
							<synonym value="Wowal"/>
							<synonym value="Wowod"/>
							<synonym value="Bubol"/>
							<synonym value="Hubol"/>
						</heading>
						<heading id="Nutunutu" title="Nutunutu">
							<synonym value="No-toan'-ai-ti"/>
							<synonym value="No-to'-no-to"/>
							<synonym value="Mon-to-tos"/>
							<synonym value="Na-too'-na-ta"/>
							<synonym value="Notonatos"/>
							<synonym value="No-ton-toos"/>
							<synonym value="Notoowthas"/>
							<synonym value="No-tow-too"/>
							<synonym value="Nutonetoos"/>
						</heading>
						<heading id="Wimilchi" title="Wimilchi">
							<synonym value="Ho-mel-ches"/>
							<synonym value="Mowelches"/>
							<synonym value="Ne-mil-ches"/>
							<synonym value="Was-mil-ches"/>
							<synonym value="We-mal-che"/>
							<synonym value="We-melches"/>
							<synonym value="We-mol-ches"/>
						</heading>
						<heading id="Wechihit" title="Wechihit">
							<synonym value="Wi'-chi-kik"/>
							<synonym value="Wechikhit"/>
							<synonym value="Wa'-cha-kut"/>
							<synonym value="Wa-cha-et"/>
							<synonym value="Wa-cha-hets"/>
							<synonym value="Wa-che-ha-ti"/>
							<synonym value="Wa-che-nets"/>
							<synonym value="Wa-che-ries"/>
							<synonym value="Waches"/>
							<synonym value="Wechahet"/>
						</heading>
						<heading id="Apyachi" title="Apyachi">
							<synonym value="Apiachi"/>
							<synonym value="Apaichi"/>
						</heading>
						<heading id="Choynok" title="Choynok">
							<synonym value="Choinok"/>
							<synonym value="Choi'-nook"/>
							<synonym value="Chenooks"/>
							<synonym value="Cho-e-nees"/>
							<synonym value="Coh-e-nook"/>
							<synonym value="Cho-e-nuco"/>
							<synonym value="Choi-nuck"/>
							<synonym value="Choinux"/>
							<synonym value="Cho'-nook"/>
							<synonym value="Choo'-enu"/>
							<synonym value="Choinoc"/>
						</heading>
						<heading id="Wolasi" title="Wo'lasi">
							<synonym value="Wo'-wul"/>
							<synonym value="Wo'ladji"/>
							<synonym value="Wo-la-si"/>
							<synonym value="Wowulasi"/>
						</heading>
						<heading id="Telamni" title="Telamni">
							<synonym value="Te'-lum-ni"/>
							<synonym value="Ta-dum'-ne"/>
							<synonym value="Talame"/>
							<synonym value="Tal-lum-nes"/>
							<synonym value="Tedamni"/>
							<synonym value="Telam"/>
							<synonym value="Telame"/>
							<synonym value="Telamoteris"/>
							<synonym value="Telomni"/>
							<synonym value="To-lum-ne"/>
							<synonym value="Torim"/>
						</heading>
						<heading id="Koyeti" title="Koyeti">
							<synonym value="Ko-yet'-te"/>
							<synonym value="Co-ye-te"/>
							<synonym value="Ko-ya-ta"/>
							<synonym value="Ko-ya-te"/>
							<synonym value="Ko-ye-to"/>
							<synonym value="Kuyeti"/>
						</heading>
						<heading id="Tulamni" title="Tulamni">
							<synonym value="Too-lol'-min"/>
							<synonym value="Tulamne"/>
							<synonym value="Too-lol-min"/>
							<synonym value="Tu-lum'-ne"/>
						</heading>
						<heading id="Chuxoxi" title="Chuxoxi">
							<synonym value="Tuxoxi"/>
							<synonym value="Tuhohi"/>
							<synonym value="Tohohai"/>
							<synonym value="Tohohayi"/>
							<synonym value="Truhohayi"/>
							<synonym value="Truhohi"/>
						</heading>
						<heading id="Hometwoli" title="Hometwoli">
							<synonym value="Po-hal'-lin'-Tin'leh"/>
							<synonym value="Ham-met-wel'-le"/>
							<synonym value="Humetwadi"/>
						</heading>
						<heading id="Yawelmani" title="Yawelmani">
							<synonym value="Yauelmani"/>
							<synonym value="Tin'-lin-nen"/>
							<synonym value="Ya'welmani"/>
							<synonym value="Yow'-el-man'-ne"/>
							<synonym value="Tejonenos"/>
							<synonym value="Tinlinin"/>
							<synonym value="Yowedmani"/>
							<synonym value="Yowenmani"/>
							<synonym value="Yowlumne"/>
						</heading>
					</heading>
					<heading id="NorthernValleyYokuts" title="Northern Valley Yokuts">
						<heading id="Chawchila" title="Chawchila">
							<synonym value="Shehamniu"/>
							<synonym value="Halau"/>
						</heading>
						<heading id="Nopchinchi" title="Nopchinchi">
							<synonym value="Noptinchi"/>
							<synonym value="Noptinte"/>
							<synonym value="Nupchenche"/>
							<synonym value="Cheneches"/>
							<synonym value="Malim"/>
							<synonym value="Nupchenche"/>
							<synonym value="Catucho"/>
							<synonym value="Copicha"/>
							<synonym value="Tape"/>
						</heading>
						<heading id="Lakisamni" title="Lakisamni">
							<synonym value="Leuchas"/>
							<synonym value="Lakisamne"/>
							<synonym value="Pitemis"/>
						</heading>
						<heading id="EastSideofSanJoaquinTribalNameUncertain" title="East Side of San Joaquin Tribal Name Uncertain">
							<synonym value="Cuyens"/>
							<synonym value="Mayem"/>
							<synonym value="Bozenats"/>
							<synonym value="Taitones"/>
							<synonym value="Aplagamne"/>
						</heading>
						<heading id="LowerMercedTribalNameUncertain" title="Lower Merced, Tribal Name Uncertain">
							<synonym value="Chineguis"/>
							<synonym value="Yunate"/>
							<synonym value="Chamuasi"/>
							<synonym value="Latelate"/>
							<synonym value="Lachuo"/>
						</heading>
						<heading id="Chulamni" title="Chulamni">
							<synonym value="Chulamne"/>
							<synonym value="Cholbon"/>
							<synonym value="Cholovomnes"/>
							<synonym value="Nochochomne"/>
							<synonym value="Nototemne"/>
							<synonym value="Yahik"/>
							<synonym value="Wane"/>
							<synonym value="Pescadero"/>
							<synonym value="Jusmites"/>
							<synonym value="Tugites"/>
							<synonym value="Tomchom"/>
						</heading>
						<heading id="Hewchi" title="Hewchi">
							<synonym value="Heuchi"/>
							<synonym value="Ch'ekayu"/>
						</heading>
						<heading id="Hoyima" title="Hoyima">
							<synonym value="Hoyma"/>
							<synonym value="K'eliutanau"/>
							<synonym value="Moyoliu"/>
						</heading>
						<heading id="Pitkachi" title="Pitkachi">
							<synonym value="Kohuou"/>
							<synonym value="Weshiu"/>
							<synonym value="Gewachiu"/>
						</heading>
						<heading id="Wakichi" title="Wakichi">
							<synonym value="Holowichniu"/>
						</heading>
					</heading>
					<heading id="FoothillYokuts" title="Foothill Yokuts">
						<heading id="Ayticha" title="Ayticha">
							<synonym value="Kocheyali"/>
						</heading>
						<heading id="Bokninwad" title="Bokninwad">
							<synonym value="Bokninuwad"/>
						</heading>
						<heading id="Choynimni" title="Choynimni">
							<synonym value="Choinimni"/>
							<synonym value="Cho-e-nim-na"/>
							<synonym value="Chainimaini"/>
						</heading>
						<heading id="Chukaymina" title="Chukaymina">
							<synonym value="Chukaimina"/>
							<synonym value="Cho-ke-nim-na"/>
							<synonym value="Chainimaini"/>
						</heading>
						<heading id="Chukchansi" title="Chukchansi">
							<synonym value="Shukshansi"/>
							<synonym value="Chookchances"/>
							<synonym value="Chuckchancy"/>
						</heading>
						<heading id="Dalinchi" title="Dalinchi"/>
						<heading id="Dumna" title="Dumna"/>
						<heading id="Gashowu" title="Gashowu">
							<synonym value="Kosh-sho-o"/>
						</heading>
						<heading id="Gawia" title="Gawia">
							<synonym value="Gawya"/>
							<synonym value="Kawia"/>
						</heading>
						<heading id="Kechayi" title="Kechayi">
							<synonym value="Ka-chi-e"/>
						</heading>
						<heading id="Kumachisi" title="Kumachisi"/>
						<heading id="Palewyami" title="Palewyami">
							<synonym value="Paleuyami"/>
							<synonym value="Padeuyami"/>
							<synonym value="Peleuyi"/>
							<synonym value="Paluyam"/>
							<synonym value="Pal-la-a-me"/>
							<synonym value="Paloyama"/>
							<synonym value="Pal-lah-wech-e-am"/>
						</heading>
						<heading id="Toltichi" title="Toltichi"/>
						<heading id="Toyhicha" title="Toyhicha"/>
						<heading id="Wikchamni" title="Wikchamni">
							<synonym value="Wukchamni"/>
							<synonym value="Wukchumni"/>
						</heading>
						<heading id="Yawdanchi" title="Yawdanchi">
							<synonym value="Yaudanchi"/>
							<synonym value="Yaulanchi"/>
							<synonym value="Yawedentshi"/>
						</heading>
						<heading id="Yokod" title="Yokod">
							<synonym value="Yokol"/>
						</heading>
					</heading>
				</heading>
				<heading id="Pomo" title="Pomo">
					<synonym value="Poma"/>
					<heading id="Kashaya" title="Kashaya">
						<synonym value="Kashia"/>
						<synonym value="Kacia"/>
						<synonym value="Kacaya"/>
						<synonym value="Kah-chi-ah"/>
						<synonym value="Kashaiya"/>
						<synonym value="Ka-shiah"/>
						<synonym value="Severnovskiya"/>
						<synonym value="Chwachamaju"/>
						<synonym value="Khwakhamaiu"/>
						<synonym value="Gualala"/>
						<synonym value="Wallalakh"/>
						<heading id="StewartsPointIndians" title="Stewarts Point Indians"/>
						<heading id="FortRossIndians" title="Fort Ross Indians">
							<synonym value="Erusi"/>
							<synonym value="Erussi"/>
						</heading>
						<heading id="RussianRiverKashaya" title="Russian River Kashaya">
							<synonym value="Erio"/>
						</heading>
					</heading>
					<heading id="SouthernPomo" title="Southern Pomo">
						<synonym value="Gallinomero"/>
						<synonym value="Cainameros"/>
						<synonym value="Cainemeros"/>
						<synonym value="Calajomanes"/>
						<synonym value="Calle-namares"/>
						<synonym value="Canaumanos"/>
						<synonym value="Canimares"/>
						<synonym value="Gallinomeros"/>
						<synonym value="Gallonimero"/>
						<synonym value="Gallynomeros"/>
						<synonym value="Kainamares"/>
						<synonym value="Kanimares"/>
						<synonym value="Kanimarres"/>
						<synonym value="Kianamares"/>
						<synonym value="Kyanamara"/>
						<synonym value="Kainama"/>
						<synonym value="Steppe Indians"/>
						<synonym value="Kalme"/>
						<synonym value="Kaime"/>
						<synonym value="Musalakon"/>
						<synonym value="Musalacon"/>
						<synonym value="Masalla Magoons"/>
						<synonym value="Misalamagun"/>
						<synonym value="Mi-sal-la Ma-gun"/>
						<synonym value="Musalakan"/>
						<synonym value="Musalakun"/>
						<synonym value="Mu-sal-la-kun"/>
						<synonym value="Muscalcon"/>
						<synonym value="Musulacon"/>
						<synonym value="Chamay"/>
						<synonym value="Mahilkaune"/>
						<synonym value="Ma-hin-kow"/>
						<synonym value="We-sha-chum-mi"/>
						<synonym value="We-shum tat-tah"/>
						<synonym value="Yutaya"/>
						<synonym value="Yotiya"/>
						<heading id="HealdsburgIndians" title="Healdsburg Indians"/>
					</heading>
					<heading id="CentralPomo" title="Central Pomo">
						<heading id="Boya" title="Boya">
							<synonym value="Bo'yah"/>
							<synonym value="Bo-i-os"/>
						</heading>
						<heading id="Bokeya" title="Bokeya">
							<synonym value="Pdataya"/>
							<synonym value="Danokeya"/>
							<synonym value="Kanowa"/>
							<synonym value="Boch-he-af"/>
							<synonym value="Bo-kas"/>
							<synonym value="Bokea"/>
							<synonym value="Bokeya"/>
						</heading>
						<heading id="Kanoa" title="Kanoa">
							<synonym value="Kan-ho'-ah"/>
							<synonym value="Knoya"/>
							<synonym value="Kanowa"/>
						</heading>
						<heading id="Yokaya" title="Yokaya">
							<synonym value="Yokai"/>
							<synonym value="Yokei"/>
							<synonym value="Yukae"/>
							<synonym value="Yukai"/>
							<synonym value="Yokayo"/>
							<synonym value="Llokaya"/>
							<synonym value="Uk-a-is"/>
							<synonym value="Ukiah"/>
							<synonym value="Ukias"/>
							<synonym value="Ya-ki-a"/>
							<synonym value="Yohios"/>
							<synonym value="Yo-kai-a"/>
							<synonym value="Yokaia"/>
							<synonym value="Yo-kai-ah"/>
							<synonym value="Yokaiya"/>
							<synonym value="Yokia"/>
							<synonym value="Yo-ki-ah"/>
							<synonym value="Yolhios"/>
							<synonym value="Yukaya"/>
						</heading>
						<heading id="Lema" title="Lema">
							<synonym value="La-ma"/>
							<synonym value="Lima"/>
							<synonym value="La-mah"/>
						</heading>
						<heading id="Shiyeko" title="Shiyeko">
							<synonym value="Ciego"/>
							<synonym value="Seacos"/>
							<synonym value="Shiegho"/>
							<synonym value="Shiego"/>
							<synonym value="Si-a-ko"/>
						</heading>
						<heading id="Shokowa" title="Shokowa">
							<synonym value="Shanel"/>
							<synonym value="Cokoa"/>
							<synonym value="Shokhowa"/>
							<synonym value="Sho-ko-ah"/>
							<synonym value="Socoa"/>
							<synonym value="So-ko-wa"/>
							<heading id="Sanel" title="Sanel">
								<synonym value="Canel"/>
								<synonym value="Sahnel"/>
								<synonym value="Sah-nels"/>
								<synonym value="Sai-nals"/>
								<synonym value="Sanelos"/>
								<synonym value="Senel"/>
								<synonym value="Se-nel"/>
								<synonym value="Sainals"/>
								<synonym value="Shanel"/>
							</heading>
						</heading>
						<heading id="Yobakeya" title="Yobakeya">
							<synonym value="Ubak-hea"/>
						</heading>
					</heading>
					<heading id="NorthernPomo" title="Northern Pomo">
						<heading id="Comacho" title="Comacho">
							<synonym value="Ko-ma-cho"/>
						</heading>
						<heading id="Masut" title="Masut">
							<synonym value="Maj-su-ta-ki-as"/>
							<synonym value="Masu-ta-kaya"/>
							<synonym value="Ma-su-ta-kea"/>
						</heading>
						<heading id="MatoPomo" title="Mato-Pomo">
							<synonym value="Chebal-na-Poma"/>
							<synonym value="Shi-bal-ni Pomo"/>
						</heading>
						<heading id="MitomPomo" title="Mitom-Pomo">
							<synonym value="Willits"/>
							<synonym value="Little Lake Valley"/>
							<synonym value="Betumke"/>
							<synonym value="Betumki"/>
							<synonym value="Bitom-kai"/>
							<synonym value="Matomey Ki"/>
							<synonym value="Ma-tom-kai"/>
							<synonym value="Me-tum-ki"/>
							<synonym value="Mi-toam-ki"/>
							<synonym value="Mitomkai"/>
							<synonym value="Mtom-kai"/>
						</heading>
						<heading id="Tabahtea" title="Tabah-tea">
							<synonym value="Ta-bi-tas"/>
							<synonym value="Taa-bo-tah"/>
							<synonym value="Tah'-bah-ta'"/>
							<synonym value="Tah'-bo-ta"/>
						</heading>
						<heading id="Komli" title="Komli"/>
						<heading id="ShodaKay" title="Shoda-Kay">
							<synonym value="Sacham-Kay"/>
							<synonym value="Sh0-da-kai Pomo"/>
							<synonym value="co'dakai"/>
							<synonym value="Shodakhai"/>
							<heading id="catcamkau" title="catcamkau">
								<synonym value="chamkhai"/>
								<synonym value="Shachamkau"/>
								<synonym value="teamkawi"/>
							</heading>
						</heading>
						<heading id="Kacha" title="Kacha">
							<synonym value="Katca"/>
							<heading id="Dapishul" title="Da-pi-shul"/>
						</heading>
						<heading id="BaloKay" title="Balo-Kay">
							<synonym value="Shanel"/>
							<synonym value="Sedam"/>
							<synonym value="Shane-Kay"/>
							<synonym value="Ballo-kai"/>
							<synonym value="Shanel-kaya"/>
							<synonym value="Canal"/>
							<synonym value="Canel"/>
							<synonym value="Cha-net-kai"/>
							<synonym value="Cane'kai"/>
							<synonym value="Caneki"/>
							<synonym value="Paum"/>
							<synonym value="Poam"/>
							<synonym value="Pome"/>
							<synonym value="Pomo"/>
							<synonym value="Pone"/>
							<synonym value="Pum"/>
							<synonym value="Pomo"/>
							<synonym value="Poma"/>
							<synonym value="Po-mo-ke-chah"/>
						</heading>
						<heading id="Matuku" title="Matuku">
							<synonym value="Shinal"/>
							<synonym value="Kayaw"/>
							<synonym value="Mah-too-go"/>
							<synonym value="Matuho"/>
							<synonym value="Matuko"/>
							<synonym value="ceinal"/>
							<synonym value="cinal"/>
							<synonym value="Shinal"/>
							<synonym value="Haiyau"/>
							<synonym value="Kaiyao"/>
							<synonym value="Kaiyau"/>
							<synonym value="Ki-ou"/>
							<synonym value="Ki-yow"/>
							<synonym value="Xaiyau"/>
							<synonym value="Ki-yao-bah"/>
							<synonym value="Kayaw"/>
						</heading>
						<heading id="Yima" title="Yima">
							<synonym value="Bowal"/>
							<synonym value="Komli"/>
							<synonym value="Yimaba"/>
							<synonym value="Boalke"/>
							<synonym value="Boilkai"/>
							<synonym value="Moal-kai"/>
							<synonym value="Boalkea"/>
							<synonym value="bo'-al-ke-ah"/>
							<synonym value="Boil-ka-ya"/>
						</heading>
					</heading>
					<heading id="NortheasternPomo" title="Northeastern Pomo">
						<heading id="Yemabak" title="Yemabak"/>
						<heading id="Shekom" title="She-kom">
							<synonym value="cigom"/>
							<synonym value="Che-com"/>
							<synonym value="Cigom"/>
							<synonym value="Shigom"/>
							<synonym value="She'-kum"/>
							<synonym value="She-gum-ba"/>
						</heading>
						<heading id="Dahhohabe" title="Dah-ho-habe">
							<synonym value="Habe-napo"/>
							<synonym value="Danoxa"/>
							<synonym value="Danoha"/>
							<synonym value="Dan-no-kah"/>
							<synonym value="Di-noo-ha-vah"/>
						</heading>
						<heading id="Xowalek" title="Xowalek">
							<synonym value="Howalek"/>
							<synonym value="Ho-al-lek"/>
							<synonym value="Quoi-lack"/>
							<synonym value="Hwoi-lak"/>
						</heading>
						<heading id="Kayau" title="Kayau">
							<synonym value="Kaiyau"/>
							<synonym value="Hayiau"/>
							<synonym value="Ki-yow'-bah"/>
							<synonym value="ki-ou"/>
							<synonym value="Mayi"/>
						</heading>
						<heading id="Kabenapo" title="Kabenapo">
							<synonym value="Habe-napo"/>
							<synonym value="Hahbenap'-po"/>
							<synonym value="xabenapo"/>
							<synonym value="Kabenapwena"/>
							<synonym value="Bidamiwina"/>
							<synonym value="Nonapoti"/>
							<synonym value="Shabegok"/>
						</heading>
						<heading id="KuLanapo" title="KuLanapo">
							<synonym value="Hula-napo"/>
							<synonym value="Bohanapwena"/>
							<synonym value="Kuhlanapo"/>
							<synonym value="Kahibadon"/>
							<synonym value="Ku'-lenap'-po"/>
							<synonym value="Hoo-la-nap-o"/>
						</heading>
					</heading>
					<heading id="SoutheasternPomo" title="Southeastern Pomo">
						<heading id="Howkuma" title="How-ku-ma">
							<synonym value="le'makma"/>
							<synonym value="ka'ugu'ma"/>
							<synonym value="Kamdot"/>
							<synonym value="limakmaiina"/>
							<synonym value="Le-mah-mah"/>
						</heading>
						<heading id="Hamfo" title="Ham-fo"/>
						<heading id="kamina" title="ka'-mina">
							<synonym value="xa'-wina"/>
							<synonym value="ka'uguma"/>
							<synonym value="How-ku-ma"/>
							<synonym value="Elem"/>
							<synonym value="xaukumaiina"/>
							<synonym value="Kamina"/>
							<synonym value="Hawina"/>
							<synonym value="Kauguma"/>
							<synonym value="Cow-goo-mah"/>
						</heading>
						<heading id="Makhelchel" title="Makh'-el-chel">
							<synonym value="Shoat-ow-no-ma-nook"/>
							<synonym value="Cho-tan-o-man-as"/>
							<synonym value="Koi"/>
							<synonym value="Hoyi"/>
							<synonym value="Shutauyomanok"/>
						</heading>
					</heading>
				</heading>
				<heading id="Tolowa" title="Tolowa">
					<synonym value="Dalawa"/>
					<synonym value="Tollowa"/>
					<synonym value="Tol-lo-wah"/>
					<synonym value="Tolewahs"/>
					<synonym value="Tahlehwahs"/>
					<synonym value="Talawas"/>
					<synonym value="Yantuckets"/>
					<synonym value="Tahluwah"/>
					<synonym value="Tolana"/>
					<heading id="HupaChilulaWhilkut" title="Hupa-Chilula-Whilkut"/>
					<heading id="Tolokwe" title="Tolokwe"/>
					<heading id="Tolak" title="Tola'k"/>
					<heading id="Etchulets" title="Etchulets"/>
				</heading>
				<heading id="Yurok" title="Yurok">
					<synonym value="Al-agnas"/>
					<synonym value="Al-i-kwa"/>
					<synonym value="Alioquis"/>
					<synonym value="Aliquois"/>
					<synonym value="Aliquor"/>
					<synonym value="Allequa"/>
					<synonym value="Alth"/>
					<synonym value="Cuthacs"/>
					<synonym value="Down-stream People"/>
					<synonym value="Eurocs"/>
					<synonym value="Eurok"/>
					<synonym value="Eurooks"/>
					<synonym value="Eurucks"/>
					<synonym value="Hiktin-taretahihl"/>
					<synonym value="Kanuck"/>
					<synonym value="Kenuck"/>
					<synonym value="Kenuk"/>
					<synonym value="Kiruhikwak"/>
					<synonym value="Klamath River People"/>
					<synonym value="Kyinnaa"/>
					<synonym value="Klamath"/>
					<synonym value="Lower Klamath"/>
					<synonym value="Palik-Ai-li-qua"/>
					<synonym value="Poh-lik"/>
					<synonym value="Polikla"/>
					<synonym value="Poliklan"/>
					<synonym value="Puliklan"/>
					<synonym value="Tlamath"/>
					<synonym value="Tolick Si-liqua"/>
					<synonym value="Ulrucks"/>
					<synonym value="Wait'speak"/>
					<synonym value="Weithspek"/>
					<synonym value="Weit'spek"/>
					<synonym value="Weitspekan"/>
					<synonym value="Wish-pooke"/>
					<synonym value="Witsch-piks"/>
					<synonym value="Youruk"/>
					<synonym value="Yurock"/>
					<heading id="CoastalYurok" title="Coastal Yurok"/>
				</heading>
				<heading id="SouthernAthapaskan" title="Southern Athapaskan">
					<heading id="Mattole" title="Mattole">
						<synonym value="Mattoal"/>
						<synonym value="Mattol'"/>
						<synonym value="Tul'bush"/>
						<synonym value="Bettol'"/>
						<synonym value="Pet'-tol'"/>
					</heading>
					<heading id="Nongatl" title="Nongatl">
						<synonym value="Noan'-kakhl"/>
						<synonym value="Nungkah"/>
						<synonym value="Kittel'"/>
						<synonym value="Si'-az"/>
						<synonym value="Saia"/>
						<synonym value="Siaws"/>
						<synonym value="S-yars"/>
						<synonym value="Siahs"/>
						<synonym value="Sians"/>
					</heading>
					<heading id="Sinkyone" title="Sinkyone">
						<synonym value="Kaikomas"/>
						<synonym value="Tulbush"/>
						<heading id="NorthernSinkyone" title="Northern Sinkyone">
							<synonym value="Lo'lanko"/>
							<synonym value="Lolonko"/>
							<synonym value="Flonho"/>
							<synonym value="Flonk'-o"/>
							<synonym value="Flonko"/>
							<synonym value="Lo-lahn'-kok"/>
							<synonym value="Loloncook"/>
							<synonym value="Loloncooks"/>
							<synonym value="Lolonkuh"/>
							<synonym value="Lolonkuk"/>
							<synonym value="Lo-lon-kuk"/>
							<synonym value="Loolanko"/>
						</heading>
						<heading id="ShelterCoveSinkyone" title="Shelter Cove Sinkyone">
							<synonym value="Mankya"/>
							<synonym value="Bankya"/>
							<synonym value="Usal"/>
							<synonym value="Bayma-pomas"/>
							<synonym value="Kush-Kish"/>
						</heading>
					</heading>
					<heading id="Lassik" title="Lassik">
						<synonym value="Tinney"/>
						<synonym value="Lassics"/>
						<synonym value="Lessics"/>
					</heading>
					<heading id="Wailaki" title="Wailaki">
						<synonym value="Ken'-es-ti"/>
						<synonym value="Kastel Pomos"/>
						<synonym value="Kak-wits"/>
						<synonym value="Ko'il"/>
						<synonym value="Tlachee"/>
						<synonym value="Tlackes"/>
						<synonym value="Uye-Laches"/>
						<synonym value="Uye-Lackes"/>
						<synonym value="Wi-Lackees"/>
						<synonym value="Wilacki"/>
						<synonym value="Wi-Lak-ke"/>
						<synonym value="Wy-Tackees"/>
						<synonym value="Wi-Tackee-Yukas"/>
						<synonym value="Wry Lackers"/>
						<synonym value="Wye-Lackees"/>
						<synonym value="Wylacker"/>
						<synonym value="Wylachies"/>
						<synonym value="Wylackies"/>
						<synonym value="Wylaskies"/>
						<synonym value="Wylaks"/>
						<synonym value="Ylackas"/>
						<synonym value="Wilakke"/>
					</heading>
				</heading>
				<heading id="ShastanPeople" title="Shastan People">
					<heading id="Konomihu" title="Konomihu">
						<synonym value="Iwappi"/>
						<synonym value="Salmon River Person"/>
					</heading>
					<heading id="NewRiverShasta" title="New River Shasta">
						<synonym value="Ho-hah'-pah-soo'-ish"/>
						<synonym value="Kah-hoo'-tin-e'-ruk"/>
						<synonym value="E-tah'-chin"/>
						<synonym value="E'-tahk-na-lin'-nuk-kah"/>
						<synonym value="Kewn-yahn'-ne-ahn"/>
						<synonym value="Amutahwe"/>
						<synonym value="Hoo-num'-ne-choo"/>
					</heading>
					<heading id="Okwanuchu" title="Okwanuchu">
						<synonym value="Ye-tatwa"/>
						<synonym value="Ikusadewi"/>
						<synonym value="Waybo-s"/>
						<synonym value="Wi-bos"/>
						<synonym value="Wi'-in"/>
						<synonym value="Wayin"/>
					</heading>
					<heading id="Shasta" title="Shasta">
						<synonym value="Rogue River Indian"/>
						<synonym value="Shaste"/>
						<synonym value="Shastie"/>
						<synonym value="Shasti"/>
						<synonym value="Sasti"/>
						<synonym value="Shastl"/>
						<synonym value="Shasty"/>
						<synonym value="Chastays"/>
						<synonym value="Tcheste"/>
						<synonym value="Tchasta"/>
						<synonym value="Chasta"/>
						<synonym value="Shasto"/>
						<synonym value="Shastika"/>
						<synonym value="Shasteeca"/>
						<synonym value="Kamma'twa"/>
						<synonym value="Kammatwa"/>
						<synonym value="Sesti"/>
						<synonym value="Xatukwi-wa"/>
						<synonym value="Kiintah"/>
						<synonym value="Iiloomxziyaa"/>
						<synonym value="Way yuke"/>
						<heading id="KlamathRiverShasta" title="Klamath River Shasta">
							<synonym value="Kammatwa"/>
							<synonym value="Wasurukwacu"/>
							<synonym value="Wiruhikwacu"/>
							<synonym value="Kamma'twa"/>
						</heading>
					</heading>
					<heading id="Achumawi" title="Achumawi">
						<synonym value="Achomawi"/>
						<synonym value="Pit River Indians"/>
						<synonym value="Hat Creeks"/>
						<synonym value="Pit River Indians"/>
						<synonym value="Shawash"/>
						<synonym value="Palaiks"/>
						<synonym value="Palaihni"/>
						<synonym value="Blaykni"/>
						<synonym value="Mo-watwa-s"/>
					</heading>
					<heading id="Atsugewi" title="Atsugewi">
						<synonym value="Atsuke"/>
						<synonym value="Adwanuqdji"/>
						<synonym value="Atsugei"/>
						<synonym value="Chenoya"/>
						<synonym value="Chenoyana"/>
						<synonym value="Chunoiyana"/>
						<synonym value="Hat Creek Indians"/>
						<synonym value="Pacamallies"/>
					</heading>
				</heading>
				<heading id="Achumawi" title="Achumawi">
					<synonym value="Achomawi"/>
					<synonym value="Pit River Indians"/>
					<synonym value="Pitt River Indians"/>
					<synonym value="Palaiks"/>
					<synonym value="Palaihni"/>
					<synonym value="Mowatwas"/>
					<heading id="Shawash" title="Shawash"/>
				</heading>
				<heading id="Atsugewi" title="Atsugewi">
					<synonym value="Hat Creek Indians"/>
					<synonym value="Adwanjqdji"/>
					<synonym value="Atsugei"/>
					<synonym value="Chenoyana"/>
					<synonym value="Chunoiyana"/>
					<synonym value="Chenoya"/>
					<synonym value="Pacamallies"/>
				</heading>
				<heading id="Chumash" title="Chumash">
					<heading id="InteriorChumash" title="Interior Chumash">
						<heading id="Cuyama" title="Cuyama"/>
						<heading id="Emigdiano" title="Emigdiano">
							<heading id="Tashlipunau" title="Tashlipunau"/>
							<heading id="Tokya" title="Tokya"/>
						</heading>
					</heading>
					<heading id="IslandChumash" title="Island Chumash">
						<heading id="SantaCruzIslandChumash" title="Santa Cruz Island Chumash">
							<synonym value="Mi'tcu'mac"/>
						</heading>
						<heading id="SantaRosaIslandChumash" title="Santa Rosa Island Chumash">
							<synonym value="Tcu'mac"/>
							<synonym value="Hel-a-wac-sku-yu"/>
						</heading>
						<heading id="SanMiguelIslandChumash" title="San Miguel Island Chumash"/>
					</heading>
					<heading id="EasternCoastalChumash" title="Eastern Coastal Chumash">
						<heading id="Barbareno" title="Barbareno">
							<synonym value="Wal-wa-ren-na"/>
						</heading>
						<heading id="Ynezeno" title="Ynezeno">
							<synonym value="A-la-hu-la-po"/>
						</heading>
						<heading id="Ventureno" title="Ventureno">
							<synonym value="Mitc-ka-na-kan"/>
						</heading>
					</heading>
					<heading id="NorthernCoastalChumash" title="Northern Coastal Chumash">
						<heading id="ObispenoChumash" title="Obispeno Chumash"/>
						<heading id="PurisimenoChumash" title="Purisimeno Chumash"/>
					</heading>
				</heading>
				<heading id="Miwok" title="Miwok">
					<heading id="LakeMiwok" title="Lake Miwok">
						<synonym value="Pomo"/>
						<synonym value="Northern Coast Miwok"/>
						<synonym value="Northern Moquelumnan"/>
						<heading id="Tulivoni" title="Tulivoni">
							<synonym value="Tu'-le-am'-me"/>
							<synonym value="Tu'-le-yo'-me"/>
						</heading>
						<heading id="Oleyomi" title="Oleyomi">
							<synonym value="O'la-am'-me"/>
							<synonym value="O'-la-yo'-me"/>
							<synonym value="ole'yome"/>
						</heading>
					</heading>
					<heading id="EasternMiwok" title="Eastern Miwok">
						<synonym value="Moquelumnan"/>
						<synonym value="Me'-wan"/>
						<heading id="Saclan" title="Saclan">
							<synonym value="Bay Miwok"/>
						</heading>
						<heading id="PlainsMiwok" title="Plains Miwok">
							<synonym value="Mew'ko"/>
						</heading>
						<heading id="NorthernSierraMiwok" title="Northern Sierra Miwok">
							<synonym value="Northern Me'wuk"/>
							<synonym value="Amador"/>
						</heading>
						<heading id="CentralSierraMiwok" title="Central Sierra Miwok">
							<synonym value="Meewok"/>
						</heading>
						<heading id="SouthernSierraMiwok" title="Southern Sierra Miwok">
							<synonym value="Mariposa"/>
							<synonym value="Pohonichi"/>
						</heading>
					</heading>
					<heading id="CoastMiwok" title="Coast Miwok">
						<synonym value="Inneko"/>
						<synonym value="Hookooeko"/>
						<synonym value="Olamentke"/>
						<synonym value="Olamentko"/>
						<synonym value="Lekahtewutko"/>
						<synonym value="Baulines"/>
						<synonym value="Bolinas"/>
						<synonym value="Bollanos"/>
						<synonym value="Chokuyem"/>
						<synonym value="Chocuyen"/>
						<synonym value="Tchokoyem"/>
						<synonym value="Tschokoyem"/>
						<synonym value="Guiloco"/>
						<synonym value="Guilos"/>
						<synonym value="Guimen"/>
						<synonym value="Guymen"/>
						<synonym value="Jukiusme"/>
						<synonym value="Likatuit"/>
						<synonym value="Lecatuit"/>
						<synonym value="Licatius"/>
						<synonym value="Lecatiut"/>
						<synonym value="Nicassias"/>
						<synonym value="Numpali"/>
						<synonym value="Oleomi"/>
						<synonym value="Olumpali"/>
						<synonym value="Olompalies"/>
						<synonym value="Petalumas"/>
						<synonym value="Yolhias"/>
						<synonym value="Sonomi"/>
						<synonym value="Tamal"/>
						<synonym value="Tamallos"/>
						<synonym value="Tamalanos"/>
						<synonym value="Tumalehnias"/>
						<synonym value="Timbalakees"/>
						<synonym value="Tulare"/>
						<synonym value="Tulares"/>
						<synonym value="Utchium"/>
					</heading>
				</heading>
				<heading id="Yuki" title="Yuki">
					<heading id="Yuki" title="Yuki">
						<synonym value="Yuke"/>
						<synonym value="Eukas"/>
						<synonym value="Uca"/>
						<synonym value="Uka"/>
						<synonym value="Uki"/>
						<synonym value="Ukies"/>
						<synonym value="Ulkies"/>
						<synonym value="Yucas"/>
						<synonym value="Yukas"/>
						<synonym value="Yukeh"/>
						<synonym value="Yukiah"/>
						<synonym value="Yuques"/>
						<synonym value="Round Valley Yuki"/>
						<synonym value="Noam-kekhl"/>
						<synonym value="Noam-kult"/>
						<synonym value="Nome-Cults"/>
						<synonym value="Nomee Cult"/>
						<synonym value="Numculty"/>
						<synonym value="Choo-mi'-ah"/>
						<synonym value="Chu-mai'-a"/>
						<synonym value="Chumaya"/>
						<synonym value="Shumairs"/>
						<synonym value="Shumaya"/>
						<synonym value="Shumeias"/>
						<synonym value="Tcimaia"/>
						<heading id="Tanom" title="Ta'no'm"/>
						<heading id="Huititnom" title="Huititno'm"/>
						<heading id="Witukomnom" title="Witukomno'm"/>
						<heading id="Onkolukomnom" title="Onkolukomno'm"/>
						<heading id="Sukshaltatamnom" title="Sukshaltatamno'm"/>
						<heading id="Lalkutnom" title="Lalkutno'm"/>
						<heading id="Ukomnom" title="Ukomno'm"/>
						<heading id="Ontitnom" title="Ontitno'm"/>
					</heading>
					<heading id="CoastYuki" title="Coast Yuki">
						<synonym value="Ocean People"/>
						<synonym value="Uk-hoat-nom"/>
						<synonym value="Ukhot-no'm"/>
						<synonym value="Oo-ko-ton-tel-ka"/>
						<synonym value="OO-kot-on-til-kah"/>
						<synonym value="Ukohtontilka"/>
						<synonym value="Camebell-Poma"/>
						<synonym value="Camelel-pomas"/>
						<synonym value="Kam-a-lel Pomo"/>
						<synonym value="Kam-ah-lel po-mah"/>
						<synonym value="Bedatoe"/>
						<synonym value="Bayma-pomas"/>
					</heading>
				</heading>
			</heading>
		</heading>
	</heading>
</taxonomy>
