<!-- edited with XMLSPY v5 rel. 4 U (http://www.xmlspy.com) by Patrick Schmitz (private) -->
<!-- This is a taxonomy facet for Material (materials used in the construction of and object, 
       or the material that the object is made of. 
       This taxonomy is not intended to stand alone, but rather to be included in a facetmap. -->
<taxonomy id="Material" title="Material">
	<description>This facet describes the materials that make up an object
		(another aspect of <em><strong>what</strong></em> it is). The organization
		loosely follows the popular animal/vegetable/mineral pattern.
	</description>
	<notes>This facet particularly reflects the non-specialist audience,
		and follows a folk organization. The topics are mostly the same as
		would be present for a specialist in anthropology, but the organization
		and chosen labels are different.
	</notes>
	<heading id="FromAnimals" title="From Animals">
		<heading id="LeatherAndFur" title="Leather and Fur">
			<synonym value="leather"/>
			<synonym value="fur"/>
			<!-- this works around some buggy metadata -->
			<excl value="furniture"/>
			<synonym value="animal skin"/>
			<synonym value="smoked skin"/>
			<heading id="Deerskin" title="Deerskin">
				<synonym value="Deer hide"/>
				<synonym value="buckskin"/>
				<synonym value="buckskin fur"/>
				<synonym value="deerkskin"/>
				<synonym value="fawn skin"/>
				<heading id="Reindeerhide" title="Reindeer hide">
					<synonym value="Reindeer skin"/>
					<synonym value="Raindeer skin"/>
					<synonym value="Reindeer calf skin"/>
				</heading>
				<heading id="Elkhide" title="Elk hide"/>
				<heading id="Caribouhide" title="Caribou hide">
					<synonym value="Caribou skin"/>
					<synonym value="Caribou skins"/>
				</heading>
			</heading>
			<heading id="Cowhide" title="Cow hide">
				<synonym value="cowhide"/>
				<synonym value="calfhide"/>
				<synonym value="calfskin"/>
				<synonym value="parfleche"/>
				<heading id="Rawhide" title="Raw hide">
					<synonym value="rawhide"/>
				</heading>
			</heading>
			<heading id="Donkeyskin" title="Donkey skin">
			</heading>
			<heading id="Goatskin" title="Goatskin">
				<synonym value="goatskin"/>
			</heading>
			<heading id="Yakhide" title="Yak hide">
				<synonym value="yak skin"/>
			</heading>
			<heading id="Sheepskin" title="Sheepskin">
				<synonym value="sheep skin"/>
				<synonym value="lambskin"/>
				<synonym value="lamb skin"/>
			</heading>
			<heading id="Rabbitskin" title="Rabbit skin">
			</heading>
			<heading id="Sealskin" title="Seal skin">
				<synonym value="sealhide"/>
				<synonym value="seal fur skin"/>
				<synonym value="seal hide"/>
				<synonym value="bleached sealskin"/>
			</heading>
			<heading id="Otterskin" title="Otter skin">
			</heading>
			<heading id="Reptileskin" title="Reptile skin">
				<heading id="Snakeskin" title="Snakeskin">
					<synonym value="snake skin"/>
				</heading>
				<heading id="Lizardskin" title="Lizard skin">
					<synonym value="lizardskin"/>
				</heading>
			</heading>
			<heading id="Fishskin" title="Fish skin">
				<synonym value="fishskin"/>
			</heading>
		</heading>
		<heading id="Hair" title="Hair"/>
		<heading id="Wool" title="Wool">
			<synonym value="Wool Fabric"/>
			<heading id="BrushedWool" title="Brushed Wool">
				<synonym value="Brushed-Wool"/>
			</heading>
			<heading id="Cashmere" title="Cashmere">
				<synonym value="Cashmere wool"/>
			</heading>
			<heading id="Lambswool" title="Lambswool">
				<synonym value="Lambs wool"/>
				<synonym value="Lambs' wool"/>
				<synonym value="Lamb's wool"/>
			</heading>
			<heading id="WoolFelt" title="Wool Felt"/>
		</heading>
		<heading id="Feather" title="Feather"/>
		<heading id="Silk" title="Silk"/>
		<heading id="Bone" title="Bone"/>
		<heading id="ToothAndTusk" title="Tooth and Tusk">
			<synonym value="incisors"/>
			<synonym value="lower incisor"/>
			<synonym value="central incisor"/>
			<synonym value="mammal incisor"/>
			<synonym value="mammal tooth"/>
			<synonym value="Tusks"/>
			<synonym value="tooth"/>
			<synonym value="molar"/>
			<synonym value="teeth"/>
			<heading id="RodentTooth" title="Rodent Tooth">
				<synonym value="Rodent teeth"/>
				<synonym value="Teeth of rodent"/>
				<synonym value="Rodent Incisor"/>
				<synonym value="Rodent's Incisor"/>
				<heading id="BeaverTooth" title="Beaver Tooth">
					<synonym value="Beaver Tooth"/>
					<synonym value="Beavertooth"/>
					<synonym value="Beaver Teeth"/>
					<synonym value="Beaver or porcupine teeth"/>
					<synonym value="Teeth of Beaver"/>
					<synonym value="Incisor of Beaver"/>
					<synonym value="Beaver Incisor"/>
					<synonym value="Beaver's Incisor"/>
				</heading>
				<heading id="GoundHogTooth" title="Gound Hog Tooth">
					<synonym value="Ground hog teeth"/>
					<synonym value="Groundhog teeth"/>
				</heading>
			</heading>
			<heading id="DeerTooth" title="Deer Tooth">
				<synonym value="Deer teeth"/>
				<synonym value="Teeth of elk and deer"/>
				<synonym value="Deer Incisor"/>
				<synonym value="reindeer Incisor"/>
				<synonym value="reindeer Incisors"/>
				<synonym value="Elk teeth"/>
				<synonym value="Elk check teeth"/>
				<synonym value="Elk tooth"/>
				<synonym value="Elk molars"/>
				<synonym value="Teeth of an elk"/>
				<synonym value="Teeth of elk"/>
			</heading>
			<heading id="DogTooth" title="Dog Tooth">
				<synonym value="Dog teeth"/>
				<synonym value="Dogs teeth"/>
				<synonym value="Dog's teeth"/>
				<synonym value="Dog's tooth"/>
			</heading>
			<heading id="CoyoteTooth" title="Coyote Tooth">
				<synonym value="Coyote teeth"/>
			</heading>
			<heading id="BearTooth" title="Bear Tooth">
				<synonym value="Bear teeth"/>
				<synonym value="Bear's tooth"/>
				<synonym value="Bear's canine tooth"/>
				<synonym value="Bear's teeth"/>
			</heading>
			<heading id="PigTeethTusk" title="Pig Tooth/Tusk">
				<synonym value="Pig Tusk"/>
				<synonym value="Pig's Tusk"/>
				<synonym value="Pig's tooth"/>
				<synonym value="Pig's teeth"/>
			</heading>
			<heading id="BoarTeethTusk" title="Boar Tooth/Tusk">
				<synonym value="Boar Tusk"/>
				<synonym value="Boar's Tusk"/>
				<synonym value="Boar's Tusks"/>
				<synonym value="Boar's tooth"/>
			</heading>
			<heading id="ElephantTeethTusk" title="Elephant Tooth/Tusk">
				<synonym value="Elephant Tusk"/>
				<synonym value="Elephant Tusks"/>
				<synonym value="Elephant teeth"/>
				<synonym value="Elephant tooth"/>
				<synonym value="Elephant's tooth"/>
				<heading id="MammothTeethTusk" title="Mammoth Tooth/Tusk">
					<synonym value="Mastodon Tusk"/>
					<synonym value="Mastodon Tusks"/>
					<synonym value="Mastodon tooth"/>
					<synonym value="Mammoth tooth"/>
				</heading>
			</heading>
			<heading id="SeaMammalTeeth" title="SeaMammal Tooth">
				<synonym value="Sea mammal tooth"/>
				<synonym value="Tooth of sea mammal"/>
				<synonym value="Teeth of dolphin"/>
				<synonym value="Sea mammal teeth"/>
				<synonym value="Pinniped teeth"/>
				<synonym value="Porpoise tooth"/>
				<synonym value="Porpoise teeth"/>
				<heading id="SealSeaLionTooth" title="Seal/Sea Lion Tooth">
					<synonym value="Seal Tooth"/>
					<synonym value="Sealion Tooth"/>
					<synonym value="Sea lion Tooth"/>
					<synonym value="Tooth of steller's Sea lion"/>
					<synonym value="Sea lions Tooth"/>
					<synonym value="Whale's Teeth"/>
					<synonym value="Whale's Tooth"/>
				</heading>
				<heading id="WalrusTeethTusk" title="Walrus Tooth/Tusk">
					<synonym value="Walrus Tusk"/>
					<synonym value="Walrus tip"/>
					<synonym value="Walrus ivory"/>
					<synonym value="Walrus Tusks"/>
					<synonym value="Walrus Tooth"/>
					<synonym value="Walrus Teeth"/>
				</heading>
				<heading id="WhaleTooth" title="Whale Tooth">
					<synonym value="Whale Teeth"/>
					<synonym value="Whale's Teeth"/>
					<synonym value="Whale's Tooth"/>
				</heading>
			</heading>
			<!-- Too little data <heading id="NarwhalTusk" title="Narwhal Tusk">
				<synonym value="Narwhal Tusks"/>
			</heading> -->
			<heading id="FishTooth" title="Fish Tooth">
				<synonym value="Fish Teeth"/>
				<synonym value="Fish's Teeth"/>
				<synonym value="Fishs Teeth"/>
				<synonym value="Fish's Tooth"/>
				<heading id="SharkTooth" title="Shark Tooth">
					<synonym value="Shark Teeth"/>
					<synonym value="Shark's Teeth"/>
					<synonym value="Sharks Teeth"/>
					<synonym value="Shark's Tooth"/>
				</heading>
				<heading id="StingRayTooth" title="Sting Ray Tooth">
					<synonym value="Sting ray Teeth"/>
					<synonym value="Sting ray spine and Teeth"/>
					<synonym value="Sting ray's Teeth"/>
					<synonym value="Sting rays Teeth"/>
					<synonym value="Sting ray's Tooth"/>
				</heading>
			</heading>
			<heading id="HumanTooth" title="Human Tooth" >
					<synonym value="Human Teeth"/>
					<synonym value="Human canine teeth"/>
					<synonym value="Human molar"/>
				</heading>
			<heading id="Ivory" title="Ivory" implies="OffWhite"/>
		</heading>
		<heading id="Antler" title="Antler"/>
		<heading id="Sinew" title="Sinew">
			<excl value="Sinew shredder" />
			<heading id="WhaleSinew" title="Whale Sinew" />
		</heading>
		<heading id="ShellMaterials" title="Shell and Shell-like Materials">
			<heading id="Coral" title="Coral"/>
			<heading id="MotherofPearl" title="Mother of Pearl">
				<synonym value="Mother-of-Pearl"/>
			</heading>
			<heading id="Pearl" title="Pearl"/>
			<heading id="Shell" title="Shell">
				<heading id="Abaloneshell" title="Abalone Shell">
					<synonym value="Abalone"/>
				</heading>
				<heading id="BarnacleShell" title="Barnacle Shell">
					<synonym value="Barnacle"/>
					<synonym value="Barnacles"/>
				</heading>
				<heading id="ClamShell" title="Clam Shell">
					<synonym value="Clamshell"/>
					<synonym value="Clamshells"/>
					<synonym value="Clam shells"/>
					<synonym value="Clam"/>
					<heading id="BentNosedClam" title="Bent-Nosed Clam Shell">
						<synonym value="Macoma"/>
						<synonym value="Bent-Nosed"/>
					</heading>
				</heading>
				<heading id="CockleShell" title="Cockle Shell">
					<synonym value="Cockle"/>
				</heading>
				<heading id="Conch" title="Conch"/>
				<heading id="Coneshell" title="Cone Shell">
					<synonym value="Cone shells"/>
					<synonym value="Conus"/>
				</heading>
				<heading id="Cowrieshell" title="Cowrie Shell">
					<synonym value="Cowry"/>
					<synonym value="Cowrie"/>
					<synonym value="Cowries"/>
				</heading>
				<heading id="MoonShell" title="Moon Shell">
					<synonym value="polinices"/>
				</heading>
				<heading id="MusselShell" title="Mussel Shell">
					<synonym value="Mussel"/>
					<synonym value="Gonidea"/>
					<synonym value="Mytilus"/>
					<synonym value="Mytiuls"/>
					<synonym value="Mytillus"/>
					<synonym value="Mytilis"/>
				</heading>
				<heading id="Nautilusshell" title="Nautilus Shell">
					<synonym value="Nautilus"/>
				</heading>
				<heading id="OlivellaShell" title="Olivella Shell"/>
				<heading id="Oystershell" title="Oyster Shell">
					<synonym value="Oyster"/>
					<synonym value="Oysters"/>
					<synonym value="Oyster shells"/>
					<heading id="SpinyOyster" title="Spiny Oyster">
						<synonym value="Thorny Oyster"/>
						<synonym value="Spondylus"/>
						<synonym value="Spondyluss"/>
						<synonym value="Spondddyus"/>
						<synonym value="Spondyus"/>
						<synonym value="Spondycus"/>
					</heading>
				</heading>
				<heading id="Scallopshell" title="Scallop Shell">
					<synonym value="Scallop shells"/>
				</heading>
				<heading id="Trumpetshell" title="Trumpet Shell"/>
			</heading>
		</heading>
		<heading id="Fossil" title="Fossil">
			<heading id="Ammonite" title="Ammonite"/>
		</heading>
	</heading>
	<heading id="FromPlants" title="From Plants">
		<heading id="Treesandshrubs" title="Trees and shrubs">
			<heading id="Alder" title="Alder"/>
			<heading id="Birch" title="Birch">
				<heading id="Hazel" title="Hazel"/>
			</heading>
			<heading id="Cedar" title="Cedar"/>
			<heading id="Cercis" title="Cercis"/>
			<heading id="Conifer" title="Conifer">
				<heading id="Fir" title="Fir"/>
				<heading id="Pine" title="Pine">
					<heading id="BigConepine" title="Big Cone pine"/>
					<heading id="Bullpine" title="Bullpine"/>
					<heading id="Diggerpine" title="Digger pine"/>
					<heading id="Nutmegpine" title="'Nutmeg pine'"/>
					<heading id="Sugarpine" title="Sugar pine">
						<synonym value="Sugarpine"/>
						<synonym value="Pinus lambertiniana"/>
					</heading>
				</heading>
				<heading id="Redwood" title="Redwood"/>
			</heading>
			<heading id="Grapevine" title="Grapevine"/>
			<heading id="Juniper" title="Juniper"/>
			<heading id="Maple" title="Maple"/>
			<heading id="Oak" title="Oak"/>
			<heading id="Redbud" title="Redbud">
				<synonym value="Red-bud"/>
			</heading>
			<heading id="Skunkbushsumac" title="Skunkbush sumac">
				<synonym value="Rhus trilobata"/>
			</heading>
			<heading id="Spruce" title="Spruce"/>
			<heading id="Willow" title="Willow"/>
			<heading id="Yew" title="Yew"/>
			<heading id="Yucca" title="Yucca"/>
		</heading>
		<heading id="GrassandHerbs" title="Grass and Herbs">
			<heading id="Commonbeargrass" title="Common beargrass">
				<synonym value="Bear grass"/>
				<synonym value="Beargrass"/>
				<synonym value="Bear-grass"/>
				<synonym value="Xerophyllum tenex"/>
				<synonym value="Baregrass"/>
				<synonym value="Bare grass"/>
			</heading>
			<heading id="Rabbitbrush" title="Rabbit brush"/>
			<heading id="Sedge" title="Sedge">
				<synonym value="Carex"/>
			</heading>
			<heading id="Sloughgrass" title="Slough grass"/>
			<heading id="Whitegrass" title="White grass"/>
		</heading>
		<heading id="Fernsandprimitiveplants" title="Ferns and primitive plants">
			<heading id="Brackenroot" title="Bracken root"/>
			<heading id="Fern" title="Fern">
				<heading id="Horsetailfern" title="Horsetail fern">
					<synonym value="Equisetum"/>
				</heading>
			</heading>
		</heading>
		<heading id="Cotton" title="Cotton"/>
		<heading id="Wicker" title="Wicker"/>
		<heading id="Devilshorns" title="'Devil's horns'"/>
		<heading id="Devilsclaw" title="'Devil's claw'"/>
	</heading>
	<heading id="Inorganic" title="Inorganic">
		<heading id="GlassAndCeramic" title="Glass And Ceramic">
			<heading id="Bucchero" title="Bucchero"/>
			<heading id="Clay" title="Clay">
				<heading id="Adobe" title="Adobe"/>
				<heading id="Brick" title="Brick"/>
				<heading id="Earthenware" title="Earthenware">
					<synonym value="Earthen ware"/>
				</heading>
				<heading id="Stoneware" title="Stoneware"/>
				<heading id="Terracotta" title="Terracotta">
					<synonym value="Terra cotta"/>
				</heading>
			</heading>
			<heading id="Glass" title="Glass"/>
			<heading id="Porcelain" title="Porcelain">
				<synonym value="porcelin"/>
				<synonym value="porcelanite"/>
				<synonym value="porcellaneous"/>
			</heading>
		</heading>
		<heading id="Metal" title="Metal">
			<synonym value="Pot Metal"/>
			<synonym value="Pot-Metal"/>
			<heading id="Alloyunspecified" title="Alloy (unspecified)"/>
			<heading id="Aluminum" title="Aluminum">
				<synonym value="Aluminium"/>
			</heading>
			<heading id="Brass" title="Brass">
					<!-- a "gold weight" is an item usually made of brass -->
				<synonym value="Gold weight"/>
			</heading>
			<heading id="Bronze" title="Bronze"/>
			<heading id="Copper" title="Copper">
				<heading id="CopperAlloy" title="Copper Alloy"/>
			</heading>
			<heading id="Electrum" title="Electrum"/>
			<heading id="Gold" title="Gold" implies="GoldColored">
				<heading id="GoldPlate" title="Gold Plate">
					<synonym value="Gilded"/>
					<synonym value="Gilt"/>
					<synonym value="Gold-Plate"/>
					<synonym value="Gold Plated"/>
					<synonym value="Gold-Plated"/>
					<!-- Gold weight is an item usually made of brass -->
					<excl value="Gold weight"/>
				</heading>
			</heading>
			<heading id="Iron" title="Iron">
				<heading id="IronOre" title="Iron Ore"/>
				<heading id="Slag" title="Slag"/>
			</heading>
			<heading id="Lead" title="Lead">
				<excl value="lead vocal"/>
				<excl value="lead dancer"/>
				<excl value="vocal lead"/>
			</heading>
			<heading id="Pewter" title="Pewter"/>
			<heading id="Platinum" title="Platinum"/>
			<heading id="Silver" title="Silver" implies="SilverColored">
				<heading id="SilverAlloy" title="Silver Alloy"/>
				<heading id="SilverPlate" title="Silver Plate">
					<synonym value="Silver-Plate"/>
					<synonym value="Silver Plated"/>
					<synonym value="Silver-Plated"/>
				</heading>
				<heading id="SterlingSilver" title="Sterling Silver"/>
			</heading>
			<heading id="Steel" title="Steel">
				<heading id="Stainlesssteel" title="Stainless steel">
					<synonym value="Stainless-steel"/>
				</heading>
			</heading>
			<heading id="Tin" title="Tin"/>
		</heading>
		<heading id="MineralsAndStones" title="Minerals And Stones">
			<!-- consider a pigment group for ochre, chalk, charcoal, graphite. Malachite can be here, as can hematite -->
			<heading id="PreciousAndSemiPreciousStones" title="Precious And Semi-Precious Stones">
				<synonym value="Semi-Precious"/>
				<synonym value="Gemstone"/>
				<synonym value="Gems"/>
				<synonym value="Gem"/>
				<heading id="Amber" title="Amber" implies="AmberColored"/>
				<heading id="Amethyst" title="Amethyst"/>
				<heading id="Chalcedony" title="Chalcedony">
					<heading id="Agate" title="Agate"/>
					<heading id="Bloodstone" title="Bloodstone"/>
					<heading id="Carnelian" title="Carnelian"/>
					<heading id="Jasper" title="Jasper"/>
					<heading id="Onyx" title="Onyx"/>
				</heading>
				<heading id="Garnet" title="Garnet"/>
				<heading id="Hematite" title="Hematite"/>
				<heading id="Jade" title="Jade"/>
				<heading id="LapisLazuli" title="Lapis Lazuli">
					<synonym value="lapis lazui"/>
					<synonym value="lapis"/>
				</heading>
				<heading id="Malachite" title="Malachite"/>
				<!-- Already under Shell materials <heading id="Pearl" title="Pearl" /> -->
				<heading id="Ruby" title="Ruby"/>
				<heading id="Turquoise" title="Turquoise"/>
			</heading>
			<heading id="DecorativeStone" title="Decorative Stones">
				<heading id="Alabaster" title="Alabaster"/>
				<heading id="Marble" title="Marble"/>
				<heading id="Ochre" title="Ochre"/>
				<heading id="Quartz" title="Quartz"/>
				<heading id="Quartzite" title="Quartzite"/>
				<heading id="Soapstone" title="Soapstone">
					<synonym value="steatite"/>
				</heading>
			</heading>
			<heading id="Volcanic" title="Volcanic">
				<heading id="Basalt" title="Basalt">
					<heading id="Finegrainedbasalt" title="Fine-grained basalt"/>
					<heading id="Vesilicbasalt" title="Vesilic basalt"/>
				</heading>
				<heading id="Lava" title="Lava"/>
				<heading id="Obsidian" title="Obsidian"/>
				<heading id="Pumice" title="Pumice">
					</heading>
				<heading id="Rhyolite" title="Rhyolite"/>
			</heading>
			<heading id="CommonStones" title="Common Stones">
				<heading id="Argillite" title="Argillite"/>
				<heading id="Asbestos" title="Asbestos"/>
				<heading id="Asphalt" title="Asphalt">
					<synonym value="Asphaltum"/>
				</heading>
				<heading id="Breccia" title="Breccia"/>
				<heading id="Chalk" title="Chalk"/>
				<heading id="Chert" title="Chert"/>
				<heading id="Coal" title="Coal"/>
				<heading id="Diorite" title="Diorite"/>
				<heading id="Flint" title="Flint"/>
				<heading id="Granite" title="Granite"/>
				<heading id="Limestone" title="Limestone"/>
				<heading id="Magnesite" title="Magnesite"/>
				<heading id="Sandstone" title="Sandstone"/>
				<heading id="Shale" title="Shale"/>
				<heading id="Slate" title="Slate"/>
				<heading id="Tufa" title="Tufa">
					<synonym value="calcarious tufa"/>
					<synonym value="calcarecustufa"/>
				</heading>
			</heading>
			<heading id="unspecifiedstone" title="Unspecified Stone">
				<synonym value="unspecificed stone"/>
				<synonym value="rock (unspecified)"/>
				<synonym value="unspecified rock"/>
				<synonym value="stone"/>
				<synonym value="rock"/>
				<synonym value="boulder"/>
			</heading>
		</heading>
		<heading id="ManufacturedMaterial" title="Manufactured Materials">
			<heading id="Adhesive" title="Adhesive"/>
			<heading id="Gesso" title="Gesso"/>
			<heading id="Paint" title="Paint"/>
			<heading id="Plastic" title="Plastic">
				<heading id="Polyester" title="Polyester"/>
			</heading>
			<heading id="Synthetic" title="Synthetic"/>
			<heading id="Whitemansmaterial" title="White man's material"/>
		</heading>
	</heading>
</taxonomy>
