<taxonomy id="UseorContext" title="Use or Context">
	<description>This facet describes what an object is in terms of 
		<em><strong>why</strong></em> it was
		created (e.g., baskets for storing food), or in what context it was used
		(e.g., in religious ceremonies). The organization is based upon the range
		of human activities.
	</description>
	<notes>The primary organization is the context and use, and so a very
		broad concept like basket appears in several contexts: food storage
		baskets, baby baskets, seed gathering baskets, etc. 
	</notes>
	<heading id="Domesticlife" title="Domestic life">
		<heading id="Childrearingitems" title="Child-rearing items">
			<heading id="BabyBasket" title="Baby Basket"/>
		</heading>
		<heading id="ClothingorCostume" title="Clothing or Costume">
			<heading id="Apron" title="Apron"/>
			<heading id="Shirt" title="Shirt"/>
			<heading id="Dress" title="Dress"/>
			<heading id="Footwear" title="Footwear">
				<heading id="Shoes" title="Shoes"/>
			</heading>
			<heading id="Headwear" title="Headwear">
				<heading id="Hat" title="Hat"/>
				<heading id="Headband" title="Headband"/>
				<heading id="Fez" title="Fez"/>
				<heading id="Basketryhat" title="Basketry hat">
					<synonym value="Basketry cap"/>
				</heading>
			</heading>
			<heading id="Outerwear" title="Outerwear">
				<heading id="Jacket" title="Jacket"/>
				<heading id="Shawl" title="Shawl"/>
				<heading id="Cloak" title="Cloak"/>
			</heading>
			<heading id="Underwear" title="Underwear">
				<heading id="Garter" title="Garter"/>
			</heading>
			<heading id="Accessories" title="Accessories">
				<heading id="Netsuke" title="Netsuke"/>
				<heading id="Belt" title="Belt"/>
				<heading id="Button" title="Button"/>
			</heading>
			<heading id="Cap" title="Cap"/>
			<heading id="Neckwear" title="Neckwear">
				<heading id="Tie" title="Tie"/>
				<heading id="Cravatte" title="Cravatte"/>
				<heading id="Collar" title="Collar"/>
			</heading>
			<heading id="Blouse" title="Blouse">
				<synonym value="blusa"/>
				<heading id="Huipil" title="Huipil">
					<heading id="HuipilCofrada" title="Huipil, Cofrada"/>
					<heading id="HuipilSobre" title="Huipil, Sobre"/>
					<heading id="HuipilSanto" title="Huipil, Santo"/>
					<heading id="Huipilmatrimonio" title="Huipil, matrimonio"/>
					<heading id="Huipilfiesta" title="Huipil, fiesta"/>
					<heading id="Huipildiario" title="Huipil, diario"/>
					<heading id="Huipillienzo" title="Huipil, lienzo"/>
					<heading id="Huipilniaornio" title="Huipil, nia or nio"/>
					<heading id="Huipilcasamiento" title="Huipil, casamiento"/>
				</heading>
			</heading>
		</heading>
		<heading id="Toiletarticles" title="Toilet articles">
			<heading id="Mirror" title="Mirror"/>
			<heading id="Comb" title="Comb"/>
			<heading id="Hairpin" title="Hairpin"/>
			<heading id="Hairbrush" title="Hairbrush"/>
			<heading id="Scissors" title="Scissors"/>
			<heading id="Soap" title="Soap"/>
			<heading id="LouseKiller" title="Louse Killer"/>
		</heading>
		<heading id="Foodrelated" title="Food-related">
			<heading id="Foodpreparationitems" title="Food preparation items">
				<heading id="Boilingstones" title="Boiling stones"/>
				<heading id="Mortar" title="Mortar"/>
				<heading id="Pestle" title="Pestle"/>
				<heading id="Mushboilingbasket" title="Mush-boiling basket">
					<synonym value="Mush boiling basket"/>
					<synonym value="Boiling basket"/>
				</heading>
				<heading id="Acornanvil" title="Acorn anvil"/>
				<heading id="Mortarbasket" title="Mortar basket"/>
				<heading id="Kettle" title="Kettle"/>
				<heading id="Winnowingbasket" title="Winnowing basket"/>
				<heading id="Cookingbasket" title="Cooking basket"/>
				<heading id="Parchingbasket" title="Parching basket"/>
				<heading id="Siftingbasket" title="Sifting basket"/>
				<heading id="Handstone" title="Handstone"/>
				<heading id="Groundstone" title="Groundstone">
					<heading id="Grindingstone" title="Grinding stone"/>
					<heading id="Metate" title="Metate"/>
					<heading id="Mano" title="Mano">
						<synonym value="Handstone"/>
					</heading>
				</heading>
				<heading id="CookingPot" title="Cooking Pot"/>
				<heading id="CookingPan" title="Cooking Pan"/>
				<heading id="CookingBowl" title="Cooking Bowl"/>
				<heading id="CookingStone" title="Cooking Stone"/>
				<heading id="CookingVessel" title="Cooking Vessel"/>
				<heading id="CookingStove" title="Cooking Stove"/>
				<heading id="Oven" title="Oven"/>
				<heading id="SeedBeater" title="Seed Beater"/>
				<heading id="MushStirrer" title="Mush Stirrer"/>
				<heading id="MushPaddle" title="Mush Paddle"/>
				<heading id="Chocolatemold" title="Chocolate mold"/>
				<heading id="Sifter" title="Sifter"/>
				<heading id="Strainer" title="Strainer"/>
				<heading id="Dippingbasket" title="Dipping basket"/>
			</heading>
			<heading id="Foodservingitems" title="Food serving items">
				<heading id="Dish" title="Dish">
					<heading id="FeastDish" title="Feast Dish"/>
				</heading>
				<heading id="Spoon" title="Spoon"/>
				<heading id="Corkscrew" title="Corkscrew"/>
				<heading id="Platter" title="Platter"/>
				<heading id="Fork" title="Fork"/>
				<heading id="Plate" title="Plate">
					<excl value="photographic plate"/>
					<excl value="photographic-plate"/>
				</heading>
				<heading id="Ladle" title="Ladle"/>
				<heading id="Bowl" title="Bowl"/>
				<heading id="Goblet" title="Goblet"/>
				<heading id="Cup" title="Cup"/>
				<heading id="Rhyton" title="Rhyton"/>
				<heading id="Stein" title="Stein"/>
				<heading id="Servingbasket" title="Serving basket"/>
				<heading id="Chafingdish" title="Chafing dish"/>
				<heading id="Chocolatestirrer" title="Chocolate stirrer"/>
				<heading id="Teapot" title="Teapot"/>
				<heading id="Coffeepot" title="Coffee pot"/>
			</heading>
			<heading id="Foodstorageitems" title="Food storage items">
				<heading id="Bottle" title="Bottle"/>
				<heading id="Jar" title="Jar"/>
				<heading id="Storagebasket" title="Storage basket">
					<heading id="Seedbasket" title="Seed basket"/>
					<heading id="Acornbasket" title="Acorn basket"/>
				</heading>
				<heading id="Canteen" title="Canteen"/>
				<heading id="Olla" title="Olla"/>
				<heading id="Amphora" title="Amphora"/>
				<heading id="Basketrycaplid" title="Basketry cap (lid)"/>
				<heading id="Hangingbasket" title="Hanging basket"/>
				<heading id="Funnel" title="Funnel"/>
			</heading>
		</heading>
		<heading id="Furniturefurnishings" title="Furniture &amp; furnishings">
			<heading id="Chair" title="Chair"/>
			<heading id="Rug" title="Rug"/>
			<heading id="Bedding" title="Bedding">
				<heading id="Blanket" title="Blanket"/>
				<heading id="Headrest" title="Headrest"/>
				<heading id="Pillow" title="Pillow"/>
				<heading id="MatSleeping" title="Mat, Sleeping"/>
				<heading id="Canopy" title="Canopy"/>
			</heading>
			<heading id="Pillow" title="Pillow"/>
		</heading>
		<heading id="Recreationalitems" title="Recreational items">
			<heading id="Games" title="Games">
				<heading id="Game" title="Game"/>
				<heading id="Dice" title="Dice"/>
			</heading>
			<heading id="Sportsequiment" title="Sports equiment">
				<heading id="Ball" title="Ball"/>
				<heading id="ShinnyBall" title="Shinny Ball"/>
			</heading>
			<heading id="Puppet" title="Puppet"/>
		</heading>
		<heading id="Adornmentpersonal" title="Adornment, personal">
			<heading id="Jewelry" title="Jewelry">
				<heading id="Brooch" title="Brooch"/>
				<heading id="Cameo" title="Cameo"/>
				<heading id="Earring" title="Earring"/>
				<heading id="Charm" title="Charm"/>
				<heading id="Bracelet" title="Bracelet"/>
				<heading id="Cufflink" title="Cufflink"/>
				<heading id="Ring" title="Ring"/>
				<heading id="Fibula" title="Fibula"/>
				<heading id="Hairpin" title="Hairpin">
					<synonym value="Hair Pin"/>
				</heading>
				<heading id="Pendant" title="Pendant"/>
				<heading id="Pin" title="Pin"/>
				<heading id="HatPin" title="Hat Pin"/>
				<heading id="Torque" title="Torque">
					<synonym value="Torc"/>
				</heading>
				<heading id="Circlet" title="Circlet"/>
				<heading id="Necklace" title="Necklace"/>
				<heading id="Locket" title="Locket"/>
				<heading id="Bulla" title="Bulla"/>
			</heading>
			<heading id="TopKnot" title="Top Knot"/>
		</heading>
		<heading id="PersonalGear" title="Personal Gear">
			<heading id="Fan" title="Fan"/>
			<heading id="Umbrella" title="Umbrella"/>
			<heading id="Pipe" title="Pipe"/>
			<heading id="Bag" title="Bag"/>
		</heading>
		<heading id="Basket" title="Basket"/>
	</heading>
	<heading id="ReligiousSpiritualLife" title="Religious &amp; Spiritual Life">
		<heading id="Funeraryitems" title="Funerary items">
			<heading id="Mummy" title="Mummy">
				<heading id="Humanmummy" title="Human mummy"/>
				<heading id="Catmummy" title="Cat mummy"/>
				<heading id="Crocodilemummy" title="Crocodile mummy"/>
				<heading id="Dogmummy" title="Dog mummy"/>
				<heading id="Monkeymummy" title="Monkey mummy"/>
				<heading id="Fishmummy" title="Fish mummy"/>
				<heading id="Lizardmummy" title="Lizard mummy"/>
				<heading id="Parrotmummy" title="Parrot mummy"/>
				<heading id="Snakemummy" title="Snake mummy"/>
			</heading>
			<heading id="Urn" title="Urn"/>
			<heading id="Sarcophogas" title="Sarcophogas"/>
			<heading id="Coffin" title="Coffin"/>
			<heading id="CanopicJar" title="Canopic Jar"/>
			<heading id="CanopicBox" title="Canopic Box"/>
		</heading>
		<heading id="Ceremonialitems" title="Ceremonial items">
			<heading id="Mandala" title="Mandala"/>
			<heading id="Mask" title="Mask"/>
			<heading id="FeatheredStick" title="Feathered Stick"/>
			<heading id="Charmstone" title="Charmstone"/>
			<heading id="Headdress" title="Headdress"/>
			<heading id="Scarab" title="Scarab"/>
			<heading id="Ushabti" title="Ushabti"/>
			<heading id="Amulet" title="Amulet"/>
		</heading>
		<heading id="MedicalHealingitems" title="Medical &amp; Healing items">
			<heading id="Doctoringbasket" title="Doctoring basket"/>
			<heading id="Enemafunnel" title="Enema funnel"/>
		</heading>
		<heading id="Mala" title="Mala">
			<synonym value="Prayer beads"/>
		</heading>
		<heading id="Altar" title="Altar"/>
		<heading id="Idol" title="Idol"/>
		<heading id="Shrine" title="Shrine"/>
		<heading id="Scepter" title="Scepter"/>
		<heading id="Wand" title="Wand"/>
	</heading>
	<heading id="Artartrelateditems" title="Art &amp; art-related">
		<heading id="Statue" title="Statue"/>
		<heading id="Painting" title="Painting"/>
		<heading id="Sculpture" title="Sculpture"/>
		<heading id="Handstamp" title="Handstamp"/>
		<heading id="Figurine" title="Figurine"/>
		<heading id="Touristbasket" title="Tourist basket"/>
		<heading id="Decorativebasket" title="Decorative basket"/>
		<heading id="Giftbasket" title="Gift basket">
			<synonym value="Jewel basket"/>
			<synonym value="Gift-basket"/>
			<synonym value="Jewel-basket"/>
		</heading>
		<heading id="Poster" title="Poster"/>
	</heading>
	<heading id="Musicrelateditems" title="Music-related">
		<heading id="Stringedinstruments" title="Stringed instruments">
			<synonym value="Chordophones"/>
			<heading id="Banjo" title="Banjo"/>
			<heading id="Guitar" title="Guitar"/>
			<heading id="Sitar" title="Sitar"/>
			<heading id="Harp" title="Harp"/>
			<heading id="Lyre" title="Lyre"/>
			<heading id="Fiddle" title="Fiddle"/>
			<heading id="Harpsichord" title="Harpsichord"/>
			<heading id="Zither" title="Zither"/>
			<heading id="Ukelele" title="Ukelele"/>
			<heading id="Bowmusical" title="Bow (musical)"/>
			<heading id="Bowresin" title="Bow resin"/>
		</heading>
		<heading id="Percussioninstruments" title="Percussion instruments">
			<synonym value="Idiophones"/>
			<heading id="Drum" title="Drum">
				<heading id="Boxdrum" title="Box drum"/>
			</heading>
			<heading id="Drumstick" title="Drumstick"/>
			<heading id="Rattle" title="Rattle"/>
			<heading id="Tapper" title="Tapper"/>
			<heading id="Bell" title="Bell"/>
			<heading id="Clapstick" title="Clapstick"/>
			<heading id="Bangle" title="Bangle"/>
			<heading id="Beater" title="Beater"/>
			<heading id="Xylophone" title="Xylophone"/>
			<heading id="Gong" title="Gong"/>
			<heading id="MouthOrgan" title="Mouth Organ"/>
			<heading id="Sanza" title="Sanza">
				<synonym value="Zanzas"/>
				<synonym value="sansas"/>
				<synonym value="Sandza"/>
				<synonym value="Sansa"/>
				<synonym value="Zanza"/>
				<heading id="Mbira" title="Mbira">
					<synonym value="African hand piano"/>
					<synonym value="Hand piano"/>
					<synonym value="Kalimba"/>
					<synonym value="Kisaanj"/>
					<synonym value="Kututeng"/>
					<synonym value="Likembe"/>
					<synonym value="Luiguaphone"/>
					<synonym value="Marimba (Mbira)"/>
					<synonym value="Marimbula"/>
					<synonym value="Mbila"/>
					<synonym value="Thumb piano"/>
					<synonym value="Finger piano"/>
				</heading>
			</heading>
			<heading id="Metallophone" title="Metallophone">
				<heading id="Gendr" title="Gendr"/>
				<heading id="Gangsa" title="Gangsa"/>
				<heading id="Saron" title="Saron"/>
				<heading id="Glockenspiel" title="Glockenspiel"/>
				<heading id="Vibraphone" title="Vibraphone"/>
			</heading>
			<heading id="Cymbal" title="Cymbal">
				<heading id="RolmoCymbal" title="Rolmo Cymbal">
					<synonym value="Bhookh"/>
				</heading>
			</heading>
		</heading>
		<heading id="Windinstruments" title="Wind instruments">
			<synonym value="Aerophones"/>
			<heading id="Whistle" title="Whistle"/>
			<heading id="Panpipe" title="Panpipe"/>
			<heading id="Flute" title="Flute"/>
			<heading id="Trumpet" title="Trumpet"/>
			<heading id="Harmonica" title="Harmonica"/>
		</heading>
	</heading>
	<heading id="Tools" title="Tools">
		<heading id="Handaxe" title="Handaxe"/>
		<heading id="Chopper" title="Chopper"/>
		<heading id="Rope" title="Rope"/>
		<heading id="Key" title="Key"/>
		<heading id="Flaker" title="Flaker"/>
		<heading id="Scraper" title="Scraper"/>
		<heading id="Woodworking" title="Woodworking">
			<heading id="Wedge" title="Wedge"/>
			<heading id="Axe" title="Axe"/>
			<heading id="Adze" title="Adze">
				<heading id="Adzehandle" title="Adze handle"/>
			</heading>
			<heading id="Abrader" title="Abrader"/>
			<heading id="Smoother" title="Smoother"/>
		</heading>
	</heading>
	<heading id="HuntingGatheringAgriculture" title="Hunting, Gathering, &amp; Agriculture">
		<heading id="FishingTrappingitems" title="Fishing &amp; Trapping items">
			<heading id="Hook" title="Hook"/>
			<heading id="Net" title="Net"/>
			<heading id="Sinker" title="Sinker"/>
			<heading id="Nethanger" title="Net hanger"/>
			<heading id="Fishtrapbasket" title="Fish trap basket">
				<synonym value="Fish-trap"/>
				<heading id="EelTrapBasket" title="Eel Trap Basket"/>
				<heading id="Salmontrapbasket" title="Salmon trap basket"/>
			</heading>
			<heading id="Birdtrapbasket" title="Bird trap basket"/>
			<heading id="Gig" title="Gig"/>
			<heading id="Slitter" title="Slitter">
				<heading id="EelSlitter" title="Eel Slitter"/>
			</heading>
			<heading id="Gorgehook" title="Gorge hook"/>
		</heading>
		<heading id="AnimalHusbandryitems" title="Animal Husbandry items">
			<heading id="Harness" title="Harness"/>
			<heading id="Saddle" title="Saddle"/>
			<heading id="Yoke" title="Yoke"/>
		</heading>
		<heading id="Foodgatheringitems" title="Food gathering items">
			<heading id="Gatheringbaskets" title="Gathering baskets">
				<heading id="Acorngatheringbasket" title="Acorn-gathering basket">
					<synonym value="Acorn gathering basket"/>
				</heading>
				<heading id="Seedgatheringbasket" title="Seed-gathering basket">
					<synonym value="Seed gathering basket"/>
				</heading>
			</heading>
		</heading>
	</heading>
	<heading id="Armaments" title="Armaments">
		<heading id="Edgedweapons" title="Edged weapons">
			<heading id="Sword" title="Sword"/>
			<heading id="Knife" title="Knife"/>
			<heading id="Blade" title="Blade"/>
			<heading id="Dagger" title="Dagger"/>
			<heading id="Sheath" title="Sheath"/>
			<heading id="Scabbard" title="Scabbard"/>
			<heading id="Machete" title="Machete"/>
		</heading>
		<heading id="Firearms" title="Firearms">
			<heading id="Rifle" title="Rifle"/>
			<heading id="Musket" title="Musket"/>
			<heading id="Cannon" title="Cannon"/>
			<heading id="Gun" title="Gun"/>
			<heading id="Carbine" title="Carbine"/>
			<heading id="Firearm" title="Firearm"/>
		</heading>
		<heading id="Trap" title="Trap"/>
		<heading id="Propulsiveweapons" title="Propulsive weapons">
			<heading id="Spear" title="Spear"/>
			<heading id="Harpoon" title="Harpoon"/>
			<heading id="ProjectilePoint" title="Projectile Point"/>
			<heading id="ArrowStraightener" title="Arrow Straightener"/>
			<heading id="Arrow" title="Arrow"/>
			<heading id="Boomerang" title="Boomerang"/>
			<heading id="Lance" title="Lance"/>
		</heading>
		<heading id="Bluntweapons" title="Blunt weapons">
			<heading id="Mace" title="Mace"/>
			<heading id="Cudgel" title="Cudgel"/>
			<heading id="Fish" title="Fish">
				<heading id="Pilchard" title="Pilchard"/>
				<heading id="Halibut" title="Halibut"/>
			</heading>
			<heading id="Maul" title="Maul"/>
		</heading>
		<heading id="Armor" title="Armor">
			<heading id="Helmet" title="Helmet"/>
			<heading id="Greave" title="Greave"/>
			<heading id="Shield" title="Shield"/>
		</heading>
	</heading>
	<heading id="Commercerelateditems" title="Commerce-related">
		<heading id="Abacus" title="Abacus"/>
		<heading id="Counter" title="Counter"/>
		<heading id="Coin" title="Coin">
			<heading id="Denomination" title="Denomination">
				<heading id="Bronzedouble" title="Bronze double ???"/>
				<heading id="notdetermined" title="not determined"/>
				<heading id="MedallionCommemoratingThologians" title="Medallion Commemorating Thologians"/>
				<heading id="Notgeld" title="Notgeld"/>
				<heading id="50centavos" title="50 centavos"/>
			</heading>
			<heading id="USDollarsystem" title="US/Dollar system">
				<heading id="Dime" title="Dime"/>
				<!-- This looks like an error - see same item below
				<heading id="Halfdollar" title="Half-dollar"/> -->
				<heading id="Quarterdollar" title="Quarter-dollar">
					<heading id="WashingtonQuarter" title="Washington Quarter"/>
				</heading>
				<heading id="Penny" title="Penny">
					<heading id="flyingeaglepenny" title="flying eagle penny"/>
					<heading id="LincolnHeadPenny" title="Lincoln Head Penny"/>
					<heading id="indianheadpenny" title="indian head penny"/>
				</heading>
				<heading id="Nickel" title="Nickel">
					<heading id="LibertyHeadNickel" title="Liberty Head Nickel"/>
					<heading id="HalfDime" title="Half Dime"/>
					<heading id="NickleThreeCent" title="Nickle Three Cent"/>
					<heading id="BuffaloHeadNickel" title="Buffalo Head Nickel"/>
				</heading>
				<heading id="Silverdollar" title="Silver dollar">
				<!-- <heading id="Dollar" title="Dollar"> -->
					<heading id="EisenhowerUncirculatedSilverDollar" title="Eisenhower Uncirculated Silver Dollar"/>
					<heading id="LibertyHeadSilverDollar" title="Liberty Head Silver Dollar"/>
					<heading id="PeaceTypeSilverDollar" title="Peace Type Silver Dollar"/>
				</heading>
				<heading id="Halfdollar" title="Half-dollar">
					<heading id="BayBridgeCommememorativeHalfDollar" title="Bay Bridge Commememorative Half-Dollar">
						<synonym value="Bay Bridge Commememorative Half Dollar"/>
						<synonym value="Bay Bridge Commem Half Dollar"/>
					</heading>
					<heading id="BenFranklinHalfDollarUncirculatedMintSet" title="Ben Franklin Half Dollar, Uncirculated Mint Set"/>
					<heading id="KennedyHalfDollar" title="Kennedy Half Dollar"/>
					<heading id="FranklinKennedyHalfDollars" title="Franklin &amp; Kennedy Half Dollars"/>
					<heading id="DiamondJubileeCommemorativeHalfDollar" title="Diamond Jubilee Commemorative Half Dollar"/>
					<heading id="MonroeDoctrineCommemorativeHalfDollar" title="Monroe Doctrine Commemorative Half Dollar"/>
					<!-- Missing synonym? "40th commemorative" -->
					<heading id="KennedyHalfDollar40thCommemorative" title="Kennedy Half Dollar, 40th Commemorative"/>
					<heading id="KennedyHalfDollarproofset" title="Kennedy Half Dollar, proof set"/>
					<heading id="KennedyHalfDollarUncirculatedMintSet" title="Kennedy Half Dollar, Uncirculated Mint Set"/>
					<heading id="FranklinHalfDollar" title="Franklin Half Dollar"/>
					<heading id="CoppedBustHalfDollar" title="Copped Bust Half Dollar"/>
					<heading id="FranklinHalfDollarproofset" title="Franklin Half Dollar, proof set"/>
					<heading id="LibertyStandingHalfDollar" title="Liberty Standing Half Dollar"/>
					<heading id="GrantMemorialHalfDollar" title="Grant Memorial Half Dollar"/>
					<heading id="ColumbianExpoCommemorativeHalfDollar" title="Columbian Expo. Commemorative Half Dollar"/>
				</heading>
				<heading id="emergencywartimecurrency" title="emergency war time currency"/>
				<heading id="Commemorative" title="Commemorative"/>
					<!-- Missing synonym? "medallion commemorating thologians" -->
			</heading>
			<heading id="AncientGreek" title="Ancient Greek">
				<heading id="Drachma" title="Drachma"/>
				<heading id="Dekadrachm" title="Dekadrachm"/>
				<heading id="Tetradrachm" title="Tetradrachm">
					<heading id="Tetradrachm" title="Tetradrachm?"/>
				</heading>
				<heading id="Octodrachm" title="Octodrachm"/>
				<heading id="Pentokion" title="Pentokion"/>
				<heading id="Tetradrachma" title="Tetradrachma"/>
				<heading id="tetrobol" title="tetrobol"/>
				<heading id="Halfdrachma" title="Half drachma"/>
				<heading id="Hemiobol" title="Hemiobol"/>
				<heading id="Triobol" title="Triobol"/>
				<heading id="Obol" title="Obol"/>
				<heading id="Drachm" title="Drachm"/>
				<heading id="Halfdrachm" title="Half-drachm"/>
				<heading id="diobol" title="diobol"/>
				<heading id="didachm" title="didachm"/>
				<heading id="Didrachm" title="Didrachm"/>
				<heading id="Hemidrachm" title="Hemidrachm"/>
				<heading id="SixthofStater" title="Sixth of Stater"/>
				<heading id="Stater" title="Stater"/>
				<heading id="Litra" title="Litra"/>
				<heading id="16litraipiece" title="16 litrai piece"/>
				<heading id="Hemilitron" title="Hemilitron"/>
				<heading id="Dekonkion" title="Dekonkion"/>
				<heading id="Billonstater" title="Billon stater"/>
				<heading id="Siglos1" title="Siglos (1">
					<heading id="2stater" title="2 stater)"/>
				</heading>
				<heading id="TriaAssaria" title="Tria Assaria"/>
			</heading>
			<heading id="AncientRoman" title="Ancient Roman">
				<heading id="Denarius" title="Denarius"/>
				<heading id="Antoninianus" title="Antoninianus">
					<heading id="Antoninianvs" title="Antoninianvs"/>
					<heading id="Antioninianus" title="Antioninianus"/>
				</heading>
				<heading id="AntoninianusTODELETE" title="Antoninianus [TO DELETE]"/>
				<heading id="Denarius" title="Denarius">
					<heading id="DenariusSerrate" title="Denarius (Serrate)"/>
					<heading id="DenariusSerrati" title="Denarius Serrati"/>
				</heading>
				<heading id="Sestertius" title="Sestertius"/>
				<heading id="Quinarius" title="Quinarius"/>
				<heading id="Sextans" title="Sextans">
					<heading id="Sextanssextantalstanda" title="Sextans (sextantal standa"/>
					<heading id="Sextansuncialstandard" title="Sextans (uncial standard)"/>
					<heading id="Sextansuncialstandrard" title="Sextans; uncial standrard"/>
				</heading>
				<heading id="Aes" title="Aes">
					<heading id="Aessemiuncialstandard" title="Aes - semiuncial standard"/>
					<heading id="Aessextantalstandard" title="Aes - sextantal standard"/>
					<heading id="Aesuncialstandard" title="Aes - uncial standard"/>
					<heading id="Aesuncialstandard" title="Aes (uncial standard)"/>
					<heading id="Aessextantalstandard" title="Aes (sextantal standard)"/>
					<heading id="Aesfolles" title="Aes folles">
						<heading id="Aesfolles4" title="Aes folles (4)"/>
						<heading id="AesfollesR3" title="Aes folles (R3)"/>
						<heading id="AesfollesS" title="Aes folles (S)"/>
						<heading id="AesfollesR4" title="Aes folles (R 4)"/>
						<heading id="AesfollesR1" title="Aes folles (R1)"/>
						<heading id="Aesfollesc1" title="Aes folles (c1)"/>
					</heading>
					<heading id="Aesgrave" title="Aes grave">
						<heading id="Aesgravelibral" title="Aes grave; libral"/>
						<heading id="Aesgraveuncia" title="Aes grave; uncia"/>
						<heading id="Aesgravequadrans" title="Aes grave; quadrans"/>
						<heading id="Aesgravetriens" title="Aes grave; triens"/>
					</heading>
					<heading id="Aesrude" title="Aes rude">
						<heading id="Aesrudesextantalstand" title="Aes rude; sextantal stand"/>
					</heading>
					<heading id="Aessextantalstandard" title="Aes-(sextantal standard?)"/>
					<heading id="Aessemiuncialstandard" title="Aes; semiuncial standard"/>
					<heading id="Aessextantalstandard" title="Aes; sextantal standard"/>
					<heading id="Aessemis" title="Aes semis"/>
				</heading>
				<heading id="Aureus" title="Aureus"/>
				<heading id="Cistophoros" title="Cistophoros"/>
				<heading id="Quadrans" title="Quadrans">
					<heading id="Quadranssemiuncialsta" title="Quadrans - semiuncial sta"/>
					<heading id="Quadranssextantalstand" title="Quadrans (sextantal stand"/>
					<heading id="Quadransuncialstandar" title="Quadrans - uncial standar"/>
					<heading id="Quadransuncialstandard" title="Quadrans; uncial standard"/>
				</heading>
				<heading id="Constantinians" title="Constantinians"/>
				<heading id="Semuncia" title="Semuncia"/>
				<heading id="Dupondius" title="Dupondius"/>
				<heading id="Semis" title="Semis">
					<heading id="Semissemiuncialstanda" title="Semis - semiuncial standa"/>
					<heading id="Semissextantalstandard" title="Semis (sextantal standard"/>
					<heading id="Semis" title="Semis ?"/>
					<heading id="Semissextantalstandard" title="Semis; sextantal standard"/>
				</heading>
				<heading id="Triens" title="Triens">
					<heading id="Triensuncialstandard" title="Triens - uncial standard"/>
					<heading id="Trienssextantalstandar" title="Triens (sextantal standar"/>
					<heading id="Triensuncialstandard" title="Triens; uncial standard"/>
				</heading>
				<heading id="As" title="As"/>
				<heading id="As" title="As."/>
				<heading id="Quartunciasemilibrals" title="Quartuncia (semi-libral s"/>
				<heading id="SydenhamQuartunciaGr" title="Sydenham:  Quartuncia; Gr"/>
				<heading id="Uncia" title="Uncia">
					<heading id="Unciatrientalstandard" title="Uncia - triental standard"/>
					<heading id="Unciapostsemilibralst" title="Uncia (post-semilibral st"/>
				</heading>
			</heading>
			<heading id="AncientByzantine" title="Ancient Byzantine"/>
			<heading id="AncientHebrew" title="Ancient Hebrew">
				<heading id="Doubleshekel" title="Double shekel"/>
			</heading>
			<heading id="German" title="German">
				<heading id="1Pfenning5coins" title="1 Pfenning (5coins)"/>
				<heading id="10Pfenning3coins" title="10 Pfenning (3coins)"/>
				<heading id="5Pfenning4coins" title="5 Pfenning (4coins)"/>
			</heading>
		</heading>
		<heading id="MoneyBox" title="Money Box">
			<synonym value="Purse"/>
		</heading>
		<heading id="Purse" title="Purse"/>
		<heading id="MeshMeasure" title="Mesh Measure"/>
		<heading id="Burdenbasket" title="Burden basket"/>
		<heading id="Carryingbasket" title="Carrying basket"/>
		<heading id="Textilemanufacturesewing" title="Textile manufacture &amp; sewing">
			<heading id="Textile" title="Textile">
				<heading id="Cloth" title="Cloth"/>
				<heading id="Ribbon" title="Ribbon"/>
			</heading>
			<heading id="Needle" title="Needle"/>
			<heading id="Awl" title="Awl"/>
			<heading id="Needlecase" title="Needle case"/>
			<heading id="Thimble" title="Thimble"/>
		</heading>
		<heading id="Moneystone" title="Money stone"/>
		<heading id="Seal" title="Seal"/>
	</heading>
	<heading id="Transport" title="Transport">
		<heading id="Galley" title="Galley"/>
		<heading id="Canoe" title="Canoe"/>
		<heading id="Kayak" title="Kayak"/>
		<heading id="Boat" title="Boat"/>
		<heading id="Paddle" title="Paddle"/>
		<heading id="Boathook" title="Boat hook"/>
	</heading>
	<heading id="Workedmaterialsandparts" title="Worked materials &amp; parts">
		<heading id="Beads" title="Beads">
			<heading id="Olivellashellbeads" title="Olivella shell beads">
				<heading id="ClassASpireLopped" title="Class A: Spire Lopped">
					<heading id="A1SimpleSpireLopped" title="A1. Simple Spire-Lopped"/>
					<heading id="A2ObliqueSpireLopped" title="A2. Oblique Spire-Lopped"/>
					<heading id="A3DrilledSpireLopped" title="A3. Drilled Spire-Lopped"/>
					<heading id="A4PunchedSpireLopped" title="A4. Punched Spire-Lopped"/>
					<heading id="A5AppliqueSpireLopped" title="A5. Applique Spire-Lopped"/>
					<heading id="A6EndPerforatedSpireLopped" title="A6. End-Perforated Spire Lopped"/>
				</heading>
				<heading id="ClassBEndGround" title="Class B: End-Ground">
					<heading id="B1SideGround" title="B1. Side-Ground"/>
					<heading id="B2EndGround" title="B2. End-Ground"/>
					<heading id="B3Barrel" title="B3. Barrel"/>
					<heading id="B4Cap" title="B4. Cap"/>
					<heading id="B5Spire" title="B5. Spire"/>
					<heading id="B6DoubleOblique" title="B6. Double Oblique"/>
				</heading>
				<heading id="ClassCSplit" title="Class C: Split">
					<heading id="C1Beveled" title="C1. Beveled"/>
					<heading id="C2SplitDrilled" title="C2. Split Drilled"/>
					<heading id="C3SplitOval" title="C3. Split Oval"/>
					<heading id="C4SplitEndPerforated" title="C4. Split End-Perforated"/>
					<heading id="C5Scoop" title="C5. Scoop"/>
					<heading id="C6SplitDoublePerforated" title="C6. Split Double-Perforated"/>
					<heading id="C7SplitAmorphous" title="C7. Split Amorphous"/>
					<heading id="C8SplitRough" title="C8. Split Rough"/>
				</heading>
				<heading id="ClassDSplitPunched" title="Class D: Split Punched">
					<heading id="D1ShelvedPunched" title="D1. Shelved Punched"/>
					<heading id="D2RectangularPunched" title="D2. Rectangular Punched"/>
					<heading id="D3OvalPunched" title="D3. Oval Punched"/>
				</heading>
				<heading id="ClassELipped" title="Class E: Lipped">
					<heading id="E1ThinLipped" title="E1. Thin Lipped"/>
					<heading id="E2ThickLipped" title="E2. Thick Lipped"/>
					<heading id="E3LargeLipped" title="E3. Large Lipped"/>
				</heading>
				<heading id="ClassFSaddle" title="Class F: Saddle">
					<heading id="F1OvalSaddle" title="F1. Oval Saddle"/>
					<heading id="F2" title="F2."/>
					<heading id="F3" title="F3."/>
				</heading>
				<heading id="ClassGSaucer" title="Class G: Saucer">
					<heading id="G1TinySaucer" title="G1. Tiny Saucer"/>
					<heading id="G2NormalSaucer" title="G2. Normal Saucer"/>
					<heading id="G3Ring" title="G3: Ring"/>
					<heading id="G4GroundSaucer" title="G4. Ground Saucer"/>
					<heading id="G5OvalSaucer" title="G5. Oval Saucer"/>
					<heading id="G6IrregularSaucer" title="G6. Irregular Saucer"/>
				</heading>
				<heading id="ClassHDisk" title="Class H: Disk">
					<heading id="H1" title="H1."/>
					<heading id="H2RoughDisk" title="H2. Rough Disk"/>
					<heading id="H3ChippedDisk" title="H3. Chipped Disk"/>
				</heading>
				<heading id="ClassJWallDisk" title="Class J: Wall Disk"/>
				<heading id="ClassKCallous" title="Class K: Callous">
					<heading id="K1Cupped" title="K1. Cupped"/>
					<heading id="K2Bushing" title="K2. Bushing"/>
					<heading id="K3Cylinder" title="K3. Cylinder"/>
				</heading>
				<heading id="ClassLThickRectangle" title="Class L: Thick Rectangle">
					<heading id="L1LargeThickRectangle" title="L1. Large Thick Rectangle"/>
					<heading id="L2SmallThickRectangle" title="L2. Small Thick Rectangle"/>
					<heading id="L3OvoidThickRectangle" title="L3. Ovoid Thick Rectangle"/>
				</heading>
				<heading id="ClassMThinRectangle" title="Class M: Thin Rectangle">
					<heading id="M2" title="M2."/>
					<heading id="M1" title="M1."/>
					<heading id="M3ElongatePendant" title="M3. Elongate Pendant"/>
					<heading id="M4TrapezoidPendant" title="M4. Trapezoid Pendant"/>
				</heading>
				<heading id="ClassNGroovedRectange" title="Class N: Grooved Rectange">
					<heading id="N1LargeGroovedRectangle" title="N1. Large Grooved Rectangle"/>
					<heading id="N2SmallGroovedRectangle" title="N2. Small Grooved Rectangle"/>
				</heading>
				<heading id="ClassOWholeShell" title="Class O: Whole Shell">
					<heading id="O1DrilledWholeShell" title="O1. Drilled Whole Shell"/>
					<heading id="O2PunchedWholeShell" title="O2. Punched Whole Shell"/>
					<heading id="O3ButtonWholeShell" title="O3. Button Whole Shell"/>
					<heading id="O4DoublePunchedWholeShell" title="O4. Double-Punched Whole Shell"/>
				</heading>
				<heading id="ClassPAbradedQuarterShell" title="Class P: Abraded Quarter-Shell"/>
				<heading id="ClassQColumella" title="Class Q: Columella"/>
				<heading id="Q1Tube" title="Q1. Tube"/>
				<heading id="Q2Spoon" title="Q2. Spoon"/>
			</heading>
		</heading>
		<heading id="Handle" title="Handle"/>
	</heading>
	<heading id="ScientificSamples" title="Scientific Samples">
		<heading id="SoilSample" title="Soil Sample"/>
	</heading>
	<heading id="Contentsnotlisted" title="Contents not listed"/>
</taxonomy>
